Timestamp,OriginalTimestamp,EEG.Counter,EEG.Interpolated,EEG.AF3,EEG.T7,EEG.Pz,EEG.T8,EEG.AF4,EEG.RawCq,EEG.Battery,EEG.BatteryPercent,MarkerIndex,MarkerType,MarkerValueInt,EEG.MarkerHardware,CQ.AF3,CQ.T7,CQ.Pz,CQ.T8,CQ.AF4,CQ.Overall,EQ.SampleRateQuality,EQ.OVERALL,EQ.AF3,EQ.T7,EQ.Pz,EQ.T8,EQ.AF4,MOT.CounterMems,MOT.InterpolatedMems,MOT.Q0,MOT.Q1,MOT.Q2,MOT.Q3,MOT.AccX,MOT.AccY,MOT.AccZ,MOT.MagX,MOT.MagY,MOT.MagZ,PM.Attention.IsActive,PM.Attention.Scaled,PM.Attention.Raw,PM.Attention.Min,PM.Attention.Max,PM.Engagement.IsActive,PM.Engagement.Scaled,PM.Engagement.Raw,PM.Engagement.Min,PM.Engagement.Max,PM.Excitement.IsActive,PM.Excitement.Scaled,PM.Excitement.Raw,PM.Excitement.Min,PM.Excitement.Max,PM.LongTermExcitement,PM.Stress.IsActive,PM.Stress.Scaled,PM.Stress.Raw,PM.Stress.Min,PM.Stress.Max,PM.Relaxation.IsActive,PM.Relaxation.Scaled,PM.Relaxation.Raw,PM.Relaxation.Min,PM.Relaxation.Max,PM.Interest.IsActive,PM.Interest.Scaled,PM.Interest.Raw,PM.Interest.Min,PM.Interest.Max,PM.Focus.IsActive,PM.Focus.Scaled,PM.Focus.Raw,PM.Focus.Min,PM.Focus.Max,POW.AF3.Theta,POW.AF3.Alpha,POW.AF3.BetaL,POW.AF3.BetaH,POW.AF3.Gamma,POW.T7.Theta,POW.T7.Alpha,POW.T7.BetaL,POW.T7.BetaH,POW.T7.Gamma,POW.Pz.Theta,POW.Pz.Alpha,POW.Pz.BetaL,POW.Pz.BetaH,POW.Pz.Gamma,POW.T8.Theta,POW.T8.Alpha,POW.T8.BetaL,POW.T8.BetaH,POW.T8.Gamma,POW.AF4.Theta,POW.AF4.Alpha,POW.AF4.BetaL,POW.AF4.BetaH,POW.AF4.Gamma,RelativeTimestamp
1736158969.855672,1736158969.856893,24.0,0.0,4199.358887,4403.974121,4000.512939,4188.333496,4264.102539,0.0,2.0,43.0,,,,0.0,4.0,4.0,4.0,4.0,4.0,100.0,,,,,,,,6.0,0.0,0.599477,0.332947,0.557434,-0.468018,0.996597,0.127443,-0.165042,-0.002834,-0.010041,-0.00969,,,,,,,,,,,,,,,,,,,,,,,,,,,,,,,,,,,,,,,,,,,,,,,,,,,,,,,,,,,,,,15.002840995788574
1736158969.863482,1736158969.864703,25.0,0.0,4202.05127,4407.692383,3997.692383,4188.333496,4266.282227,0.0,2.0,43.0,,,,0.0,4.0,4.0,4.0,4.0,4.0,100.0,,,,,,,,,,,,,,,,,,,,,,,,,,,,,,,,,,,,,,,,,,,,,,,,,,,,,,,,,,,,,,,,,,,,,,,,,,,,,,,,,15.010651111602783
1736158969.871292,1736158969.872512,26.0,0.0,4205.256348,4423.077148,4000.128174,4194.743652,4265.128418,0.0,2.0,43.0,,,,0.0,4.0,4.0,4.0,4.0,4.0,100.0,,,,,,,,,,,,,,,,,,,,,,,,,,,,,,,,,,,,,,,,,,,,,,,,,,,,,,,,,,,,,,,,,,,,,,,,,,,,,,,,,15.018461227416992
1736158969.879102,1736158969.880322,27.0,0.0,4213.333496,4430.641113,4006.923096,4201.153809,4266.666504,0.0,2.0,43.0,,,,0.0,4.0,4.0,4.0,4.0,4.0,100.0,,,,,,,,,,,,,,,,,,,,,,,,,,,,,,,,,,,,,,,,,,,,,,,,,,,,,,,,,,,,,,,,,,,,,,,,,,,,,,,,,15.026271104812622
1736158969.886912,1736158969.888231,28.0,0.0,4211.794922,4421.025879,4001.666748,4197.692383,4263.205078,0.0,2.0,43.0,,,,0.0,4.0,4.0,4.0,4.0,4.0,100.0,,,,,,,,7.0,0.0,0.599412,0.332947,0.557556,-0.467957,0.986831,0.121584,-0.160159,-0.002795,-0.010014,-0.009612,,,,,,,,,,,,,,,,,,,,,,,,,,,,,,,,,,,,,,,,,,,,,,,,,,,,,,,,,,,,,,15.034081220626831
1736158969.894722,1736158969.896041,29.0,0.0,4201.025879,4413.333496,3994.871826,4190.641113,4252.820313,0.0,2.0,43.0,,,,0.0,4.0,4.0,4.0,4.0,4.0,100.0,,,,,,,,,,,,,,,,,,,,,,,,,,,,,,,,,,,,,,,,,,,,,,,,,,,,,,,,,,,,,,,,,,,,,,,,,,,,,,,,,15.041891098022461
1736158969.902532,1736158969.903851,30.0,0.0,4205.897461,4417.94873,4006.923096,4195.128418,4254.358887,0.0,2.0,43.0,,,,0.0,4.0,4.0,4.0,4.0,4.0,100.0,1.0,91.666664,4.0,4.0,4.0,3.0,4.0,,,,,,,,,,,,,1.0,0.480884,0.056395,-1.480278,1.75242,1.0,0.347734,-0.294044,-0.56247,0.524176,1.0,0.195374,1.68468,-1.3523,12.951055,0.201466,1.0,0.267626,-0.202267,-0.306777,0.000536,1.0,0.198652,-0.701109,-1.051367,0.478814,1.0,0.440359,-0.705696,-5.789106,5.71403,1.0,0.165249,0.485857,0.455796,0.605766,1.760647,0.988408,0.894757,1.520311,0.656688,1.509205,0.644773,0.461898,0.654024,0.636858,1.797972,0.930999,0.935122,0.887325,0.544403,1.684008,1.44497,0.783538,1.428028,0.678273,1.064058,1.469672,0.568081,1.433095,0.637548,15.04970121383667
1736158969.910342,1736158969.91166,31.0,0.0,4218.077148,4416.922852,4022.820557,4204.615234,4268.077148,0.0,2.0,43.0,,,,0.0,4.0,4.0,4.0,4.0,4.0,100.0,,,,,,,,,,,,,,,,,,,,,,,,,,,,,,,,,,,,,,,,,,,,,,,,,,,,,,,,,,,,,,,,,,,,,,,,,,,,,,,,,15.0575110912323
1736158969.918152,1736158969.91957,32.0,0.0,4216.282227,4407.436035,4019.871826,4202.563965,4274.743652,0.0,2.0,43.0,,,,0.0,4.0,4.0,4.0,4.0,4.0,100.0,,,,,,,,8.0,0.0,0.599482,0.333008,0.557495,-0.467896,0.986831,0.121584,-0.160159,-0.002759,-0.009989,-0.009542,,,,,,,,,,,,,,,,,,,,,,,,,,,,,,,,,,,,,,,,,,,,,,,,,,,,,,,,,,,,,,15.065321207046509
1736158969.925962,1736158969.927379,33.0,0.0,4212.563965,4403.333496,4003.974365,4192.436035,4269.871582,0.0,2.0,43.0,,,,0.0,4.0,4.0,4.0,4.0,4.0,100.0,,,,,,,,,,,,,,,,,,,,,,,,,,,,,,,,,,,,,,,,,,,,,,,,,,,,,,,,,,,,,,,,,,,,,,,,,,,,,,,,,15.073131084442139
1736158969.933771,1736158969.935189,34.0,0.0,4212.436035,4400.897461,3993.461426,4187.436035,4260.641113,0.0,2.0,43.0,,,,0.0,4.0,4.0,4.0,4.0,4.0,100.0,,,,,,,,,,,,,,,,,,,,,,,,,,,,,,,,,,,,,,,,,,,,,,,,,,,,,,,,,,,,,,,,,,,,,,,,,,,,,,,,,15.080940008163452
1736158969.941581,1736158969.942999,35.0,0.0,4210.256348,4404.487305,3998.974365,4193.333496,4259.743652,0.0,2.0,43.0,,,,0.0,4.0,4.0,4.0,4.0,4.0,100.0,,,,,,,,,,,,,,,,,,,,,,,,,,,,,,,,,,,,,,,,,,,,,,,,,,,,,,,,,,,,,,,,,,,,,,,,,,,,,,,,,15.088750123977661
1736158969.949391,1736158969.950908,36.0,0.0,4215.384766,4418.846191,4011.923096,4200.641113,4271.922852,0.0,2.0,43.0,,,,0.0,4.0,4.0,4.0,4.0,4.0,100.0,,,,,,,,9.0,0.0,0.599477,0.332947,0.557434,-0.468018,0.993667,0.124514,-0.142092,-0.002728,-0.009869,-0.009418,,,,,,,,,,,,,,,,,,,,,,,,,,,,,,,,,,,,,,,,,,,,,,,,,,,,,,,,,,,,,,15.096560001373291
1736158969.957201,1736158969.958718,37.0,0.0,4217.94873,4420.769043,4012.435791,4193.077148,4276.282227,0.0,2.0,43.0,,,,0.0,4.0,4.0,4.0,4.0,4.0,100.0,,,,,,,,,,,,,,,,,,,,,,,,,,,,,,,,,,,,,,,,,,,,,,,,,,,,,,,,,,,,,,,,,,,,,,,,,,,,,,,,,15.1043701171875
1736158969.965011,1736158969.966528,38.0,0.0,4205.512695,4411.922852,4006.410156,4181.410156,4269.230957,0.0,2.0,43.0,,,,0.0,4.0,4.0,4.0,4.0,4.0,100.0,,,,,,,,,,,,,,,,,,,,,,,,,,,,,,,,,,,,,,,,,,,,,,,,,,,,,,,,,,,,,,,,,,,,,,,,,,,,,,,,,15.11217999458313
1736158969.972821,1736158969.974337,39.0,0.0,4203.589844,4419.358887,4012.179443,4186.794922,4274.487305,0.0,2.0,43.0,,,,0.0,4.0,4.0,4.0,4.0,4.0,100.0,,,,,,,,,,,,,,,,,,,,,,,,,,,,,,,,,,,,,,,,,,,,,,,,,,,,,,,,,,,,,,,,,,,,,,,,,,,,,,,,,15.119990110397339
1736158969.980631,1736158969.982047,40.0,0.0,4214.615234,4422.436035,4016.538574,4193.974121,4282.94873,0.0,2.0,43.0,,,,0.0,4.0,4.0,4.0,4.0,4.0,100.0,,,,,,,,10.0,0.0,0.59951,0.33313,0.557495,-0.467773,0.993667,0.124514,-0.142092,-0.002699,-0.009761,-0.009306,,,,,,,,,,,,,,,,,,,,,,,,,,,,,,,,,,,,,,,,,,,,,,,,,,,,,,,,,,,,,,15.127800226211548
1736158969.988441,1736158969.989857,41.0,0.0,4209.871582,4404.358887,4008.205078,4187.05127,4275.769043,0.0,2.0,43.0,,,,0.0,4.0,4.0,4.0,4.0,4.0,100.0,,,,,,,,,,,,,,,,,,,,,,,,,,,,,,,,,,,,,,,,,,,,,,,,,,,,,,,,,,,,,,,,,,,,,,,,,,,,,,,,,15.135610103607178
1736158969.996251,1736158969.997666,42.0,0.0,4198.077148,4398.461426,4004.487061,4184.230957,4273.077148,0.0,2.0,43.0,,,,0.0,4.0,4.0,4.0,4.0,4.0,100.0,,,,,,,,,,,,,,,,,,,,,,,,,,,,,,,,,,,,,,,,,,,,,,,,,,,,,,,,,,,,,,,,,,,,,,,,,,,,,,,,,15.143420219421387
1736158970.004061,1736158970.005476,43.0,0.0,4196.282227,4407.820313,4006.281982,4188.589844,4277.820313,0.0,2.0,43.0,,,,0.0,4.0,4.0,4.0,4.0,4.0,100.0,,,,,,,,,,,,,,,,,,,,,,,,,,,,,,,,,,,,,,,,,,,,,,,,,,,,,,,,,,,,,,,,,,,,,,,,,,,,,,,,,15.151230096817017
1736158970.011871,1736158970.013186,44.0,0.0,4194.487305,4408.205078,4003.205078,4186.153809,4270.641113,0.0,2.0,43.0,,,,0.0,4.0,4.0,4.0,4.0,4.0,100.0,,,,,,,,11.0,0.0,0.599616,0.333313,0.557373,-0.467651,0.989761,0.132815,-0.147951,-0.00282,-0.009835,-0.009438,,,,,,,,,,,,,,,,,,,,,,,,,,,,,,,,,,,,,,,,,,,,,,,,,,,,,,,,,,,,,,15.159040212631226
1736158970.019681,1736158970.020995,45.0,0.0,4194.615234,4407.436035,4005.769287,4183.589844,4262.820313,0.0,2.0,43.0,,,,0.0,4.0,4.0,4.0,4.0,4.0,100.0,,,,,,,,,,,,,,,,,,,,,,,,,,,,,,,,,,,,,,,,,,,,,,,,,,,,,,,,,,,,,,,,,,,,,,,,,,,,,,,,,15.166850090026855
1736158970.027491,1736158970.028805,46.0,0.0,4198.846191,4408.974121,4015.512939,4186.666504,4262.563965,0.0,2.0,43.0,,,,0.0,4.0,4.0,4.0,4.0,4.0,100.0,,,,,,,,,,,,,,,,,,,,,,,,,,,,,,,,,,,,,,,,,,,,,,,,,,,,,,,,2.277599,0.964864,0.948376,1.383545,0.672692,1.060413,0.713855,0.542711,0.624411,0.670573,1.94025,0.706244,0.872321,0.810191,0.568167,1.772352,1.551597,0.816278,1.264735,0.711262,1.307103,1.317189,0.58069,1.354215,0.637552,15.174660205841064
1736158970.0353,1736158970.036614,47.0,0.0,4199.487305,4411.410156,4025.512939,4191.794922,4262.307617,0.0,2.0,43.0,,,,0.0,4.0,4.0,4.0,4.0,4.0,100.0,,,,,,,,,,,,,,,,,,,,,,,,,,,,,,,,,,,,,,,,,,,,,,,,,,,,,,,,,,,,,,,,,,,,,,,,,,,,,,,,,15.182469129562378
1736158970.04311,1736158970.044324,48.0,0.0,4203.846191,4424.615234,4034.871826,4199.102539,4271.538574,0.0,2.0,43.0,,,,0.0,4.0,4.0,4.0,4.0,4.0,100.0,,,,,,,,12.0,0.0,0.599691,0.333435,0.557373,-0.467468,0.997086,0.131838,-0.140627,-0.002831,-0.009865,-0.009312,,,,,,,,,,,,,,,,,,,,,,,,,,,,,,,,,,,,,,,,,,,,,,,,,,,,,,,,,,,,,,15.190279006958008
1736158970.05092,1736158970.052134,49.0,0.0,4209.743652,4427.436035,4029.743652,4199.230957,4282.179688,0.0,2.0,43.0,,,,0.0,4.0,4.0,4.0,4.0,4.0,100.0,,,,,,,,,,,,,,,,,,,,,,,,,,,,,,,,,,,,,,,,,,,,,,,,,,,,,,,,,,,,,,,,,,,,,,,,,,,,,,,,,15.198089122772217
1736158970.05873,1736158970.059943,50.0,0.0,4207.692383,4410.769043,4017.179443,4191.666504,4278.974121,0.0,2.0,43.0,,,,0.0,4.0,4.0,4.0,4.0,4.0,100.0,,,,,,,,,,,,,,,,,,,,,,,,,,,,,,,,,,,,,,,,,,,,,,,,,,,,,,,,,,,,,,,,,,,,,,,,,,,,,,,,,15.205899000167847
1736158970.06654,1736158970.067753,51.0,0.0,4210.128418,4410.641113,4023.076904,4191.794922,4279.102539,0.0,2.0,43.0,,,,0.0,4.0,4.0,4.0,4.0,4.0,100.0,,,,,,,,,,,,,,,,,,,,,,,,,,,,,,,,,,,,,,,,,,,,,,,,,,,,,,,,,,,,,,,,,,,,,,,,,,,,,,,,,15.213709115982056
1736158970.07435,1736158970.075463,52.0,0.0,4210.384766,4415.641113,4025.897461,4188.974121,4278.717773,0.0,2.0,43.0,,,,0.0,4.0,4.0,4.0,4.0,4.0,100.0,,,,,,,,13.0,0.0,0.599635,0.333435,0.557434,-0.467468,0.997086,0.131838,-0.140627,-0.002841,-0.009891,-0.009198,,,,,,,,,,,,,,,,,,,,,,,,,,,,,,,,,,,,,,,,,,,,,,,,,,,,,,,,,,,,,,15.221519231796265
1736158970.08216,1736158970.083273,53.0,0.0,4200.256348,4399.615234,4011.281982,4180.384766,4265.256348,0.0,2.0,43.0,,,,0.0,4.0,4.0,4.0,4.0,4.0,100.0,,,,,,,,,,,,,,,,,,,,,,,,,,,,,,,,,,,,,,,,,,,,,,,,,,,,,,,,,,,,,,,,,,,,,,,,,,,,,,,,,15.229329109191895
1736158970.08997,1736158970.091082,54.0,0.0,4210.769043,4400.641113,4017.564209,4193.461426,4271.282227,0.0,2.0,43.0,,,,0.0,4.0,4.0,4.0,4.0,4.0,100.0,,,,,,,,,,,,,,,,,,,,,,,,,,,,,,,,,,,,,,,,,,,,,,,,,,,,,,,,,,,,,,,,,,,,,,,,,,,,,,,,,15.237139225006104
1736158970.09778,1736158970.098892,55.0,0.0,4232.05127,4419.358887,4031.794922,4211.922852,4291.282227,0.0,2.0,43.0,,,,0.0,4.0,4.0,4.0,4.0,4.0,100.0,,,,,,,,,,,,,,,,,,,,,,,,,,,,,,,,,,,,,,,,,,,,,,,,,,,,,,,,,,,,,,,,,,,,,,,,,,,,,,,,,15.244949102401733
1736158970.10559,1736158970.106602,56.0,0.0,4219.871582,4410.641113,4016.025635,4204.871582,4281.282227,0.0,2.0,43.0,,,,0.0,4.0,4.0,4.0,4.0,4.0,100.0,,,,,,,,14.0,0.0,0.59975,0.333313,0.557434,-0.467407,0.989273,0.118654,-0.146975,-0.002862,-0.009879,-0.009084,,,,,,,,,,,,,,,,,,,,,,,,,,,,,,,,,,,,,,,,,,,,,,,,,,,,,,,,,,,,,,15.252759218215942
1736158970.113399,1736158970.114411,57.0,0.0,4202.692383,4397.563965,4007.820557,4198.846191,4266.282227,0.0,2.0,43.0,,,,0.0,4.0,4.0,4.0,4.0,4.0,100.0,,,,,,,,,,,,,,,,,,,,,,,,,,,,,,,,,,,,,,,,,,,,,,,,,,,,,,,,,,,,,,,,,,,,,,,,,,,,,,,,,15.260568141937256
1736158970.121209,1736158970.122221,58.0,0.0,4210.256348,4406.666504,4024.871826,4203.974121,4271.666504,0.0,2.0,43.0,,,,0.0,4.0,4.0,4.0,4.0,4.0,100.0,,,,,,,,,,,,,,,,,,,,,,,,,,,,,,,,,,,,,,,,,,,,,,,,,,,,,,,,,,,,,,,,,,,,,,,,,,,,,,,,,15.268378019332886
1736158970.129019,1736158970.13003,59.0,0.0,4209.487305,4407.436035,4025.384521,4196.282227,4266.922852,0.0,2.0,43.0,,,,0.0,4.0,4.0,4.0,4.0,4.0,100.0,,,,,,,,,,,,,,,,,,,,,,,,,,,,,,,,,,,,,,,,,,,,,,,,,,,,,,,,,,,,,,,,,,,,,,,,,,,,,,,,,15.276188135147095
1736158970.136829,1736158970.13774,60.0,0.0,4204.358887,4403.077148,4018.718018,4193.333496,4259.615234,0.0,2.0,43.0,,,,0.0,4.0,4.0,4.0,4.0,4.0,100.0,,,,,,,,15.0,0.0,0.599793,0.333252,0.557373,-0.467468,0.992203,0.134768,-0.153323,-0.003064,-0.00988,-0.009055,,,,,,,,,,,,,,,,,,,,,,,,,,,,,,,,,,,,,,,,,,,,,,,,,,,,,,,,,,,,,,15.283998012542725
1736158970.144639,1736158970.14555,61.0,0.0,4220.384766,4409.743652,4027.05127,4206.922852,4269.615234,0.0,2.0,43.0,,,,0.0,4.0,4.0,4.0,4.0,4.0,100.0,,,,,,,,,,,,,,,,,,,,,,,,,,,,,,,,,,,,,,,,,,,,,,,,,,,,,,,,,,,,,,,,,,,,,,,,,,,,,,,,,15.291808128356934
1736158970.152449,1736158970.153359,62.0,0.0,4232.436035,4406.538574,4023.589844,4208.846191,4272.05127,0.0,2.0,43.0,,,,0.0,4.0,4.0,4.0,4.0,4.0,100.0,,,,,,,,,,,,,,,,,,,,,,,,,,,,,,,,,,,,,,,,,,,,,,,,,,,,,,,,2.742881,1.030826,1.045665,1.247982,0.67647,0.725835,0.796812,0.646014,0.600728,0.668684,2.082442,0.552414,0.783738,0.789478,0.574839,1.895251,1.637844,0.909598,1.183952,0.719534,1.744679,1.206218,0.631951,1.307566,0.632972,15.299618005752563
1736158970.160259,1736158970.161169,63.0,0.0,4235.897461,4399.615234,4010.128174,4205.512695,4272.563965,0.0,2.0,43.0,,,,0.0,4.0,4.0,4.0,4.0,4.0,100.0,,,,,,,,,,,,,,,,,,,,,,,,,,,,,,,,,,,,,,,,,,,,,,,,,,,,,,,,,,,,,,,,,,,,,,,,,,,,,,,,,15.307428121566772
1736158970.168069,1736158970.169079,64.0,0.0,4250.256348,4404.358887,4009.615479,4214.615234,4287.820313,0.0,2.0,43.0,,,,0.0,4.0,4.0,4.0,4.0,4.0,100.0,,,,,,,,16.0,0.0,0.599741,0.333191,0.557312,-0.467651,0.992203,0.134768,-0.153323,-0.00316,-0.009954,-0.009162,,,,,,,,,,,,,,,,,,,,,,,,,,,,,,,,,,,,,,,,,,,,,,,,,,,,,,,,,,,,,,15.315237998962402
1736158970.175879,1736158970.176889,65.0,0.0,4252.692383,4398.974121,4010.0,4215.384766,4288.846191,0.0,2.0,43.0,,,,0.0,4.0,4.0,4.0,4.0,4.0,100.0,,,,,,,,,,,,,,,,,,,,,,,,,,,,,,,,,,,,,,,,,,,,,,,,,,,,,,,,,,,,,,,,,,,,,,,,,,,,,,,,,15.323048114776611
1736158970.183689,1736158970.184699,66.0,0.0,4235.769043,4384.871582,4009.102539,4205.641113,4276.922852,0.0,2.0,43.0,,,,0.0,4.0,4.0,4.0,4.0,4.0,100.0,,,,,,,,,,,,,,,,,,,,,,,,,,,,,,,,,,,,,,,,,,,,,,,,,,,,,,,,,,,,,,,,,,,,,,,,,,,,,,,,,15.33085823059082
1736158970.191499,1736158970.192509,67.0,0.0,4230.384766,4386.666504,4017.307617,4208.589844,4280.0,0.0,2.0,43.0,,,,0.0,4.0,4.0,4.0,4.0,4.0,100.0,,,,,,,,,,,,,,,,,,,,,,,,,,,,,,,,,,,,,,,,,,,,,,,,,,,,,,,,,,,,,,,,,,,,,,,,,,,,,,,,,15.33866810798645
1736158970.199309,1736158970.200418,68.0,0.0,4232.05127,4392.179688,4020.128174,4218.461426,4281.666504,0.0,2.0,43.0,,,,0.0,4.0,4.0,4.0,4.0,4.0,100.0,,,,,,,,17.0,0.0,0.599712,0.333191,0.55719,-0.467834,0.99025,0.118654,-0.154299,-0.002991,-0.009935,-0.009198,,,,,,,,,,,,,,,,,,,,,,,,,,,,,,,,,,,,,,,,,,,,,,,,,,,,,,,,,,,,,,15.34647822380066
1736158970.207118,1736158970.208228,69.0,0.0,4223.205078,4389.871582,4015.0,4218.974121,4272.307617,0.0,2.0,43.0,,,,0.0,4.0,4.0,4.0,4.0,4.0,100.0,,,,,,,,,,,,,,,,,,,,,,,,,,,,,,,,,,,,,,,,,,,,,,,,,,,,,,,,,,,,,,,,,,,,,,,,,,,,,,,,,15.354287147521973
1736158970.214928,1736158970.216038,70.0,0.0,4221.153809,4392.436035,4017.179443,4216.666504,4273.461426,0.0,2.0,43.0,,,,0.0,4.0,4.0,4.0,4.0,4.0,100.0,,,,,,,,,,,,,,,,,,,,,,,,,,,,,,,,,,,,,,,,,,,,,,,,,,,,,,,,,,,,,,,,,,,,,,,,,,,,,,,,,15.362097024917603
1736158970.222738,1736158970.223848,71.0,0.0,4227.820313,4397.179688,4021.794922,4217.94873,4278.846191,0.0,2.0,43.0,,,,0.0,4.0,4.0,4.0,4.0,4.0,100.0,,,,,,,,,,,,,,,,,,,,,,,,,,,,,,,,,,,,,,,,,,,,,,,,,,,,,,,,,,,,,,,,,,,,,,,,,,,,,,,,,15.369907140731812
1736158970.230548,1736158970.231757,72.0,0.0,4224.487305,4397.436035,4021.025635,4214.230957,4273.589844,0.0,2.0,43.0,,,,0.0,4.0,4.0,4.0,4.0,4.0,100.0,,,,,,,,18.0,0.0,0.599626,0.333191,0.557129,-0.468018,0.998062,0.127443,-0.146975,-0.002924,-0.009991,-0.009304,,,,,,,,,,,,,,,,,,,,,,,,,,,,,,,,,,,,,,,,,,,,,,,,,,,,,,,,,,,,,,15.377717018127441
1736158970.238358,1736158970.239567,73.0,0.0,4218.589844,4399.358887,4020.897461,4202.436035,4270.128418,0.0,2.0,43.0,,,,0.0,4.0,4.0,4.0,4.0,4.0,100.0,,,,,,,,,,,,,,,,,,,,,,,,,,,,,,,,,,,,,,,,,,,,,,,,,,,,,,,,,,,,,,,,,,,,,,,,,,,,,,,,,15.38552713394165
1736158970.246168,1736158970.247377,74.0,0.0,4220.897461,4398.077148,4019.358887,4195.256348,4271.922852,0.0,2.0,43.0,,,,0.0,4.0,4.0,4.0,4.0,4.0,100.0,,,,,,,,,,,,,,,,,,,,,,,,,,,,,,,,,,,,,,,,,,,,,,,,,,,,,,,,,,,,,,,,,,,,,,,,,,,,,,,,,15.39333701133728
1736158970.253978,1736158970.255186,75.0,0.0,4221.922852,4392.179688,4016.153809,4199.743652,4270.897461,0.0,2.0,43.0,,,,0.0,4.0,4.0,4.0,4.0,4.0,100.0,,,,,,,,,,,,,,,,,,,,,,,,,,,,,,,,,,,,,,,,,,,,,,,,,,,,,,,,,,,,,,,,,,,,,,,,,,,,,,,,,15.40114712715149
1736158970.261788,1736158970.263096,76.0,0.0,4221.153809,4392.94873,4016.410156,4202.820313,4268.461426,0.0,2.0,43.0,,,,0.0,4.0,4.0,4.0,4.0,4.0,100.0,,,,,,,,19.0,0.0,0.599779,0.333069,0.55719,-0.467834,0.998062,0.127443,-0.146975,-0.002863,-0.010042,-0.009399,,,,,,,,,,,,,,,,,,,,,,,,,,,,,,,,,,,,,,,,,,,,,,,,,,,,,,,,,,,,,,15.40895700454712
1736158970.269598,1736158970.270906,77.0,0.0,4218.717773,4391.538574,4010.512939,4194.102539,4261.538574,0.0,2.0,43.0,,,,0.0,4.0,4.0,4.0,4.0,4.0,100.0,,,,,,,,,,,,,,,,,,,,,,,,,,,,,,,,,,,,,,,,,,,,,,,,,,,,,,,,,,,,,,,,,,,,,,,,,,,,,,,,,15.416767120361328
1736158970.277408,1736158970.278715,78.0,0.0,4208.846191,4383.333496,4000.769287,4187.05127,4254.102539,0.0,2.0,43.0,,,,0.0,4.0,4.0,4.0,4.0,4.0,100.0,,,,,,,,,,,,,,,,,,,,,,,,,,,,,,,,,,,,,,,,,,,,,,,,,,,,,,,,3.061353,1.212516,1.176203,1.163893,0.655082,0.540142,0.916668,0.764104,0.590812,0.630462,2.159155,0.509706,0.714289,0.828498,0.56181,2.01238,1.644883,1.028084,1.202587,0.69373,2.271518,1.182138,0.717984,1.30385,0.611231,15.424576997756958
1736158970.285217,1736158970.286525,79.0,0.0,4209.871582,4391.794922,4011.923096,4196.794922,4267.05127,0.0,2.0,43.0,,,,0.0,4.0,4.0,4.0,4.0,4.0,100.0,,,,,,,,,,,,,,,,,,,,,,,,,,,,,,,,,,,,,,,,,,,,,,,,,,,,,,,,,,,,,,,,,,,,,,,,,,,,,,,,,15.43238615989685
1736158970.293028,1736158970.294435,80.0,0.0,4228.717773,4407.820313,4032.692383,4209.487305,4288.077148,0.0,2.0,43.0,,,,0.0,4.0,4.0,4.0,4.0,4.0,100.0,,,,,,,,20.0,0.0,0.599734,0.332947,0.557312,-0.467834,0.998062,0.127443,-0.146975,-0.002845,-0.00999,-0.009484,,,,,,,,,,,,,,,,,,,,,,,,,,,,,,,,,,,,,,,,,,,,,,,,,,,,,,,,,,,,,,15.440197229385376
1736158970.300837,1736158970.302244,81.0,0.0,4232.94873,4400.128418,4028.076904,4203.717773,4284.230957,0.0,2.0,43.0,,,,0.0,4.0,4.0,4.0,4.0,4.0,100.0,,,,,,,,,,,,,,,,,,,,,,,,,,,,,,,,,,,,,,,,,,,,,,,,,,,,,,,,,,,,,,,,,,,,,,,,,,,,,,,,,15.44800615310669
1736158970.308647,1736158970.310054,82.0,0.0,4223.205078,4389.871582,4015.641113,4192.820313,4272.563965,0.0,2.0,43.0,,,,0.0,4.0,4.0,4.0,4.0,4.0,100.0,,,,,,,,,,,,,,,,,,,,,,,,,,,,,,,,,,,,,,,,,,,,,,,,,,,,,,,,,,,,,,,,,,,,,,,,,,,,,,,,,15.45581603050232
1736158970.316457,1736158970.317864,83.0,0.0,4228.589844,4398.205078,4022.05127,4198.846191,4280.512695,0.0,2.0,43.0,,,,0.0,4.0,4.0,4.0,4.0,4.0,100.0,,,,,,,,,,,,,,,,,,,,,,,,,,,,,,,,,,,,,,,,,,,,,,,,,,,,,,,,,,,,,,,,,,,,,,,,,,,,,,,,,15.463626146316528
1736158970.324267,1736158970.325574,84.0,0.0,4232.436035,4397.94873,4023.461426,4208.589844,4283.974121,0.0,2.0,43.0,,,,0.0,4.0,4.0,4.0,4.0,4.0,100.0,,,,,,,,21.0,0.0,0.59962,0.332947,0.557434,-0.467834,1.004898,0.133303,-0.153323,-0.003049,-0.00998,-0.009439,,,,,,,,,,,,,,,,,,,,,,,,,,,,,,,,,,,,,,,,,,,,,,,,,,,,,,,,,,,,,,15.471436023712158
1736158970.332077,1736158970.333384,85.0,0.0,4221.538574,4387.05127,4009.615479,4208.717773,4273.333496,0.0,2.0,43.0,,,,0.0,4.0,4.0,4.0,4.0,4.0,100.0,,,,,,,,,,,,,,,,,,,,,,,,,,,,,,,,,,,,,,,,,,,,,,,,,,,,,,,,,,,,,,,,,,,,,,,,,,,,,,,,,15.479246139526367
1736158970.339887,1736158970.341193,86.0,0.0,4222.692383,4386.153809,4005.0,4210.384766,4277.436035,0.0,2.0,43.0,,,,0.0,4.0,4.0,4.0,4.0,4.0,100.0,,,,,,,,,,,,,,,,,,,,,,,,,,,,,,,,,,,,,,,,,,,,,,,,,,,,,,,,,,,,,,,,,,,,,,,,,,,,,,,,,15.487056016921997
1736158970.347697,1736158970.349003,87.0,0.0,4229.230957,4381.538574,4006.281982,4214.358887,4289.230957,0.0,2.0,43.0,,,,0.0,4.0,4.0,4.0,4.0,4.0,100.0,,,,,,,,,,,,,,,,,,,,,,,,,,,,,,,,,,,,,,,,,,,,,,,,,,,,,,,,,,,,,,,,,,,,,,,,,,,,,,,,,15.494866132736206
1736158970.355507,1736158970.356713,88.0,0.0,4219.102539,4374.487305,4002.564209,4212.94873,4285.897461,0.0,2.0,43.0,,,,0.0,4.0,4.0,4.0,4.0,4.0,100.0,,,,,,,,22.0,0.0,0.599673,0.333008,0.557495,-0.467651,0.979995,0.127443,-0.155276,-0.002927,-0.009922,-0.009509,,,,,,,,,,,,,,,,,,,,,,,,,,,,,,,,,,,,,,,,,,,,,,,,,,,,,,,,,,,,,,15.502676010131836
1736158970.363317,1736158970.364522,89.0,0.0,4213.974121,4387.820313,4006.153809,4214.102539,4283.717773,0.0,2.0,43.0,,,,0.0,4.0,4.0,4.0,4.0,4.0,100.0,,,,,,,,,,,,,,,,,,,,,,,,,,,,,,,,,,,,,,,,,,,,,,,,,,,,,,,,,,,,,,,,,,,,,,,,,,,,,,,,,15.510486125946045
1736158970.371127,1736158970.372332,90.0,0.0,4222.94873,4403.205078,4010.769287,4220.384766,4290.897461,0.0,2.0,43.0,,,,0.0,4.0,4.0,4.0,4.0,4.0,100.0,,,,,,,,,,,,,,,,,,,,,,,,,,,,,,,,,,,,,,,,,,,,,,,,,,,,,,,,,,,,,,,,,,,,,,,,,,,,,,,,,15.518296003341675
1736158970.378936,1736158970.380142,91.0,0.0,4227.179688,4404.102539,4006.025635,4223.205078,4290.384766,0.0,2.0,43.0,,,,0.0,4.0,4.0,4.0,4.0,4.0,100.0,,,,,,,,,,,,,,,,,,,,,,,,,,,,,,,,,,,,,,,,,,,,,,,,,,,,,,,,,,,,,,,,,,,,,,,,,,,,,,,,,15.526105165481567
1736158970.386746,1736158970.387851,92.0,0.0,4232.307617,4408.717773,4009.230713,4224.358887,4285.897461,0.0,2.0,43.0,,,,0.0,4.0,4.0,4.0,4.0,4.0,100.0,,,,,,,,23.0,0.0,0.599734,0.333069,0.557495,-0.467529,0.979995,0.127443,-0.155276,-0.002818,-0.009869,-0.009571,,,,,,,,,,,,,,,,,,,,,,,,,,,,,,,,,,,,,,,,,,,,,,,,,,,,,,,,,,,,,,15.533915042877197
1736158970.394556,1736158970.395661,93.0,0.0,4242.179688,4409.615234,4018.974365,4223.974121,4286.282227,0.0,2.0,43.0,,,,0.0,4.0,4.0,4.0,4.0,4.0,100.0,,,,,,,,,,,,,,,,,,,,,,,,,,,,,,,,,,,,,,,,,,,,,,,,,,,,,,,,,,,,,,,,,,,,,,,,,,,,,,,,,15.541725158691406
1736158970.402366,1736158970.403471,94.0,0.0,4243.717773,4396.153809,4015.384521,4219.102539,4282.307617,0.0,2.0,43.0,,,,0.0,4.0,4.0,4.0,4.0,4.0,100.0,1.0,91.666664,4.0,4.0,4.0,3.0,4.0,,,,,,,,,,,,,1.0,0.490148,0.297594,-1.47962,1.75172,1.0,0.338289,-0.089814,-0.562512,0.523974,1.0,0.194408,1.723819,-1.354142,12.948317,0.201532,1.0,0.280044,-0.195294,-0.306789,0.000497,1.0,0.200685,-0.485463,-1.051706,0.478695,1.0,0.437229,-0.688455,-5.788133,5.711524,1.0,0.165335,0.470933,0.455779,0.605742,3.188004,1.494344,1.30699,1.136012,0.608271,0.476642,1.082106,0.876185,0.587042,0.56973,2.127831,0.56791,0.698057,0.897873,0.533547,2.089837,1.549132,1.11477,1.268457,0.638364,2.750997,1.247206,0.817121,1.317144,0.569439,15.549535036087036
1736158970.410176,1736158970.41128,95.0,0.0,4241.410156,4391.794922,4009.615479,4217.307617,4274.487305,0.0,2.0,43.0,,,,0.0,4.0,4.0,4.0,4.0,4.0,100.0,,,,,,,,,,,,,,,,,,,,,,,,,,,,,,,,,,,,,,,,,,,,,,,,,,,,,,,,,,,,,,,,,,,,,,,,,,,,,,,,,15.557345151901245
1736158970.417986,1736158970.41899,96.0,0.0,4239.871582,4395.769043,4010.641113,4216.153809,4269.102539,0.0,2.0,43.0,,,,0.0,4.0,4.0,4.0,4.0,4.0,100.0,,,,,,,,24.0,0.0,0.599809,0.333191,0.557495,-0.467346,0.987808,0.120607,-0.14844,-0.002841,-0.010006,-0.009505,,,,,,,,,,,,,,,,,,,,,,,,,,,,,,,,,,,,,,,,,,,,,,,,,,,,,,,,,,,,,,15.565155029296875
1736158970.425796,1736158970.4268,97.0,0.0,4229.871582,4387.692383,4003.205078,4204.102539,4259.743652,0.0,2.0,43.0,,,,0.0,4.0,4.0,4.0,4.0,4.0,100.0,,,,,,,,,,,,,,,,,,,,,,,,,,,,,,,,,,,,,,,,,,,,,,,,,,,,,,,,,,,,,,,,,,,,,,,,,,,,,,,,,15.572965145111084
1736158970.433606,1736158970.434609,98.0,0.0,4216.922852,4384.615234,3995.512939,4190.641113,4246.922852,0.0,2.0,43.0,,,,0.0,4.0,4.0,4.0,4.0,4.0,100.0,,,,,,,,,,,,,,,,,,,,,,,,,,,,,,,,,,,,,,,,,,,,,,,,,,,,,,,,,,,,,,,,,,,,,,,,,,,,,,,,,15.580775022506714
1736158970.441416,1736158970.442419,99.0,0.0,4211.922852,4400.641113,4001.794922,4187.692383,4240.769043,0.0,2.0,43.0,,,,0.0,4.0,4.0,4.0,4.0,4.0,100.0,,,,,,,,,,,,,,,,,,,,,,,,,,,,,,,,,,,,,,,,,,,,,,,,,,,,,,,,,,,,,,,,,,,,,,,,,,,,,,,,,15.588585138320923
1736158970.449226,1736158970.450129,100.0,0.0,4215.384766,4418.461426,4006.410156,4192.692383,4247.692383,0.0,2.0,43.0,,,,0.0,4.0,4.0,4.0,4.0,4.0,100.0,,,,,,,,25.0,0.0,0.599872,0.333435,0.557434,-0.467163,0.996597,0.13135,-0.143557,-0.002899,-0.009982,-0.009531,,,,,,,,,,,,,,,,,,,,,,,,,,,,,,,,,,,,,,,,,,,,,,,,,,,,,,,,,,,,,,15.596395015716553
1736158970.457036,1736158970.457938,101.0,0.0,4226.025879,4427.692383,4005.512939,4205.384766,4265.512695,0.0,2.0,43.0,,,,0.0,4.0,4.0,4.0,4.0,4.0,100.0,,,,,,,,,,,,,,,,,,,,,,,,,,,,,,,,,,,,,,,,,,,,,,,,,,,,,,,,,,,,,,,,,,,,,,,,,,,,,,,,,15.604205131530762
1736158970.464846,1736158970.465748,102.0,0.0,4230.769043,4423.846191,4010.897461,4215.897461,4274.487305,0.0,2.0,43.0,,,,0.0,4.0,4.0,4.0,4.0,4.0,100.0,,,,,,,,,,,,,,,,,,,,,,,,,,,,,,,,,,,,,,,,,,,,,,,,,,,,,,,,,,,,,,,,,,,,,,,,,,,,,,,,,15.612015008926392
1736158970.472655,1736158970.473558,103.0,0.0,4221.538574,4410.384766,4014.871826,4210.512695,4262.436035,0.0,2.0,43.0,,,,0.0,4.0,4.0,4.0,4.0,4.0,100.0,,,,,,,,,,,,,,,,,,,,,,,,,,,,,,,,,,,,,,,,,,,,,,,,,,,,,,,,,,,,,,,,,,,,,,,,,,,,,,,,,15.619824171066284
1736158970.480465,1736158970.481267,104.0,0.0,4218.974121,4414.487305,4016.794922,4208.077148,4252.820313,0.0,2.0,43.0,,,,0.0,4.0,4.0,4.0,4.0,4.0,100.0,,,,,,,,26.0,0.0,0.599963,0.333374,0.557373,-0.467163,0.996597,0.13135,-0.143557,-0.002951,-0.00996,-0.009555,,,,,,,,,,,,,,,,,,,,,,,,,,,,,,,,,,,,,,,,,,,,,,,,,,,,,,,,,,,,,,15.627634048461914
1736158970.488275,1736158970.489077,105.0,0.0,4229.743652,4433.461426,4029.102539,4223.717773,4260.384766,0.0,2.0,43.0,,,,0.0,4.0,4.0,4.0,4.0,4.0,100.0,,,,,,,,,,,,,,,,,,,,,,,,,,,,,,,,,,,,,,,,,,,,,,,,,,,,,,,,,,,,,,,,,,,,,,,,,,,,,,,,,15.635444164276123
1736158970.496085,1736158970.496887,106.0,0.0,4231.922852,4431.794922,4037.307617,4233.205078,4265.128418,0.0,2.0,43.0,,,,0.0,4.0,4.0,4.0,4.0,4.0,100.0,,,,,,,,,,,,,,,,,,,,,,,,,,,,,,,,,,,,,,,,,,,,,,,,,,,,,,,,,,,,,,,,,,,,,,,,,,,,,,,,,15.643254041671753
1736158970.503895,1736158970.504696,107.0,0.0,4227.179688,4418.461426,4030.641113,4226.538574,4260.0,0.0,2.0,43.0,,,,0.0,4.0,4.0,4.0,4.0,4.0,100.0,,,,,,,,,,,,,,,,,,,,,,,,,,,,,,,,,,,,,,,,,,,,,,,,,,,,,,,,,,,,,,,,,,,,,,,,,,,,,,,,,15.651064157485962
1736158970.511705,1736158970.512406,108.0,0.0,4227.94873,4418.077148,4030.769287,4222.692383,4257.692383,0.0,2.0,43.0,,,,0.0,4.0,4.0,4.0,4.0,4.0,100.0,,,,,,,,27.0,0.0,0.599893,0.333313,0.557434,-0.467224,0.990738,0.13135,-0.151369,-0.002936,-0.00988,-0.009612,,,,,,,,,,,,,,,,,,,,,,,,,,,,,,,,,,,,,,,,,,,,,,,,,,,,,,,,,,,,,,15.658874034881592
1736158970.519515,1736158970.520216,109.0,0.0,4223.717773,4413.461426,4039.487061,4219.615234,4253.974121,0.0,2.0,43.0,,,,0.0,4.0,4.0,4.0,4.0,4.0,100.0,,,,,,,,,,,,,,,,,,,,,,,,,,,,,,,,,,,,,,,,,,,,,,,,,,,,,,,,,,,,,,,,,,,,,,,,,,,,,,,,,15.6666841506958
1736158970.527325,1736158970.528025,110.0,0.0,4213.589844,4401.922852,4036.923096,4208.333496,4245.0,0.0,2.0,43.0,,,,0.0,4.0,4.0,4.0,4.0,4.0,100.0,,,,,,,,,,,,,,,,,,,,,,,,,,,,,,,,,,,,,,,,,,,,,,,,,,,,,,,,3.147979,1.806298,1.401913,1.125775,0.547611,0.490728,1.282372,0.955665,0.571442,0.506097,1.96291,0.68452,0.735375,0.9512,0.498958,2.114026,1.355624,1.119308,1.297312,0.567955,3.049289,1.34029,0.90265,1.300822,0.514816,15.67449402809143
1736158970.535135,1736158970.535835,111.0,0.0,4213.333496,4406.794922,4027.94873,4202.692383,4245.897461,0.0,2.0,43.0,,,,0.0,4.0,4.0,4.0,4.0,4.0,100.0,,,,,,,,,,,,,,,,,,,,,,,,,,,,,,,,,,,,,,,,,,,,,,,,,,,,,,,,,,,,,,,,,,,,,,,,,,,,,,,,,15.68230414390564
1736158970.542945,1736158970.543745,112.0,0.0,4219.743652,4418.333496,4023.333252,4210.769043,4260.769043,0.0,2.0,43.0,,,,0.0,4.0,4.0,4.0,4.0,4.0,100.0,,,,,,,,28.0,0.0,0.599782,0.333496,0.557495,-0.467163,0.990738,0.119631,-0.155764,-0.002838,-0.009819,-0.009713,,,,,,,,,,,,,,,,,,,,,,,,,,,,,,,,,,,,,,,,,,,,,,,,,,,,,,,,,,,,,,15.69011402130127
1736158970.550754,1736158970.551554,113.0,0.0,4222.436035,4417.05127,4014.743652,4219.358887,4272.307617,0.0,2.0,43.0,,,,0.0,4.0,4.0,4.0,4.0,4.0,100.0,,,,,,,,,,,,,,,,,,,,,,,,,,,,,,,,,,,,,,,,,,,,,,,,,,,,,,,,,,,,,,,,,,,,,,,,,,,,,,,,,15.697923183441162
1736158970.558564,1736158970.559364,114.0,0.0,4220.128418,4410.256348,4001.281982,4215.641113,4269.487305,0.0,2.0,43.0,,,,0.0,4.0,4.0,4.0,4.0,4.0,100.0,,,,,,,,,,,,,,,,,,,,,,,,,,,,,,,,,,,,,,,,,,,,,,,,,,,,,,,,,,,,,,,,,,,,,,,,,,,,,,,,,15.705733060836792
1736158970.566374,1736158970.567174,115.0,0.0,4209.487305,4403.333496,3997.435791,4203.461426,4259.871582,0.0,2.0,43.0,,,,0.0,4.0,4.0,4.0,4.0,4.0,100.0,,,,,,,,,,,,,,,,,,,,,,,,,,,,,,,,,,,,,,,,,,,,,,,,,,,,,,,,,,,,,,,,,,,,,,,,,,,,,,,,,15.713543176651001
1736158970.574184,1736158970.575084,116.0,0.0,4198.717773,4401.025879,4011.410156,4202.436035,4259.871582,0.0,2.0,43.0,,,,0.0,4.0,4.0,4.0,4.0,4.0,100.0,,,,,,,,29.0,0.0,0.599963,0.333374,0.557373,-0.467163,0.987808,0.120607,-0.14844,-0.002737,-0.009753,-0.00984,,,,,,,,,,,,,,,,,,,,,,,,,,,,,,,,,,,,,,,,,,,,,,,,,,,,,,,,,,,,,,15.72135305404663
1736158970.581994,1736158970.582894,117.0,0.0,4201.794922,4411.538574,4032.179443,4217.94873,4272.820313,0.0,2.0,43.0,,,,0.0,4.0,4.0,4.0,4.0,4.0,100.0,,,,,,,,,,,,,,,,,,,,,,,,,,,,,,,,,,,,,,,,,,,,,,,,,,,,,,,,,,,,,,,,,,,,,,,,,,,,,,,,,15.72916316986084
1736158970.589804,1736158970.590704,118.0,0.0,4205.256348,4418.717773,4039.487061,4225.384766,4282.692383,0.0,2.0,43.0,,,,0.0,4.0,4.0,4.0,4.0,4.0,100.0,,,,,,,,,,,,,,,,,,,,,,,,,,,,,,,,,,,,,,,,,,,,,,,,,,,,,,,,,,,,,,,,,,,,,,,,,,,,,,,,,15.73697304725647
1736158970.597614,1736158970.598514,119.0,0.0,4198.077148,4409.230957,4033.589844,4218.333496,4281.666504,0.0,2.0,43.0,,,,0.0,4.0,4.0,4.0,4.0,4.0,100.0,,,,,,,,,,,,,,,,,,,,,,,,,,,,,,,,,,,,,,,,,,,,,,,,,,,,,,,,,,,,,,,,,,,,,,,,,,,,,,,,,15.744783163070679
1736158970.605424,1736158970.606423,120.0,0.0,4197.692383,4400.897461,4029.743652,4214.102539,4277.05127,0.0,2.0,43.0,,,,0.0,4.0,4.0,4.0,4.0,4.0,100.0,,,,,,,,30.0,0.0,0.599936,0.333679,0.557373,-0.46698,0.992203,0.129885,-0.1626,-0.002647,-0.009693,-0.009955,,,,,,,,,,,,,,,,,,,,,,,,,,,,,,,,,,,,,,,,,,,,,,,,,,,,,,,,,,,,,,15.752593040466309
1736158970.613234,1736158970.614233,121.0,0.0,4198.974121,4403.205078,4025.641113,4210.641113,4272.05127,0.0,2.0,43.0,,,,0.0,4.0,4.0,4.0,4.0,4.0,100.0,,,,,,,,,,,,,,,,,,,,,,,,,,,,,,,,,,,,,,,,,,,,,,,,,,,,,,,,,,,,,,,,,,,,,,,,,,,,,,,,,15.760403156280518
1736158970.621044,1736158970.622042,122.0,0.0,4191.794922,4409.743652,4023.846191,4207.692383,4273.461426,0.0,2.0,43.0,,,,0.0,4.0,4.0,4.0,4.0,4.0,100.0,,,,,,,,,,,,,,,,,,,,,,,,,,,,,,,,,,,,,,,,,,,,,,,,,,,,,,,,,,,,,,,,,,,,,,,,,,,,,,,,,15.768213033676147
1736158970.628854,1736158970.629852,123.0,0.0,4198.205078,4418.846191,4036.410156,4218.461426,4286.922852,0.0,2.0,43.0,,,,0.0,4.0,4.0,4.0,4.0,4.0,100.0,,,,,,,,,,,,,,,,,,,,,,,,,,,,,,,,,,,,,,,,,,,,,,,,,,,,,,,,,,,,,,,,,,,,,,,,,,,,,,,,,15.776023149490356
1736158970.636664,1736158970.637762,124.0,0.0,4206.922852,4417.05127,4038.333252,4219.743652,4286.666504,0.0,2.0,43.0,,,,0.0,4.0,4.0,4.0,4.0,4.0,100.0,,,,,,,,31.0,0.0,0.599884,0.33374,0.557495,-0.466858,0.982437,0.137697,-0.152834,-0.002809,-0.009676,-0.009961,,,,,,,,,,,,,,,,,,,,,,,,,,,,,,,,,,,,,,,,,,,,,,,,,,,,,,,,,,,,,,15.783833026885986
1736158970.644473,1736158970.645571,125.0,0.0,4189.358887,4402.179688,4011.923096,4198.333496,4263.461426,0.0,2.0,43.0,,,,0.0,4.0,4.0,4.0,4.0,4.0,100.0,,,,,,,,,,,,,,,,,,,,,,,,,,,,,,,,,,,,,,,,,,,,,,,,,,,,,,,,,,,,,,,,,,,,,,,,,,,,,,,,,15.791642189025879
1736158970.652283,1736158970.653381,126.0,0.0,4184.743652,4402.692383,4000.897461,4197.436035,4258.717773,0.0,2.0,43.0,,,,0.0,4.0,4.0,4.0,4.0,4.0,100.0,,,,,,,,,,,,,,,,,,,,,,,,,,,,,,,,,,,,,,,,,,,,,,,,,,,,,,,,3.002947,2.058161,1.446207,1.084616,0.488904,0.537301,1.494797,1.003632,0.532049,0.455299,1.66841,0.809155,0.797758,0.951246,0.466866,2.086746,1.095719,1.024792,1.230136,0.498809,3.090458,1.382591,0.951969,1.22275,0.460161,15.799452066421509
1736158970.660093,1736158970.661191,127.0,0.0,4209.743652,4417.05127,4019.358887,4217.692383,4274.230957,0.0,2.0,43.0,,,,0.0,4.0,4.0,4.0,4.0,4.0,100.0,,,,,,,,,,,,,,,,,,,,,,,,,,,,,,,,,,,,,,,,,,,,,,,,,,,,,,,,,,,,,,,,,,,,,,,,,,,,,,,,,15.807262182235718
1736158970.667903,1736158970.6691,0.0,0.0,4210.512695,4412.179688,4023.589844,4212.05127,4266.025879,0.0,2.0,43.0,,,,0.0,4.0,4.0,4.0,4.0,4.0,100.0,,,,,,,,0.0,0.0,0.599879,0.333679,0.557434,-0.46698,0.993179,0.124025,-0.155764,-0.002956,-0.009697,-0.010075,,,,,,,,,,,,,,,,,,,,,,,,,,,,,,,,,,,,,,,,,,,,,,,,,,,,,,,,,,,,,,15.815072059631348
1736158970.675713,1736158970.67691,1.0,0.0,4194.743652,4398.205078,4015.641113,4199.743652,4251.153809,0.0,2.0,43.0,,,,0.0,4.0,4.0,4.0,4.0,4.0,100.0,,,,,,,,,,,,,,,,,,,,,,,,,,,,,,,,,,,,,,,,,,,,,,,,,,,,,,,,,,,,,,,,,,,,,,,,,,,,,,,,,15.822882175445557
1736158970.683523,1736158970.684719,2.0,0.0,4202.820313,4400.0,4025.769287,4214.358887,4263.461426,0.0,2.0,43.0,,,,0.0,4.0,4.0,4.0,4.0,4.0,100.0,,,,,,,,,,,,,,,,,,,,,,,,,,,,,,,,,,,,,,,,,,,,,,,,,,,,,,,,,,,,,,,,,,,,,,,,,,,,,,,,,15.830692052841187
1736158970.691333,1736158970.692529,3.0,0.0,4206.666504,4404.487305,4038.205078,4226.666504,4272.563965,0.0,2.0,43.0,,,,0.0,4.0,4.0,4.0,4.0,4.0,100.0,,,,,,,,,,,,,,,,,,,,,,,,,,,,,,,,,,,,,,,,,,,,,,,,,,,,,,,,,,,,,,,,,,,,,,,,,,,,,,,,,15.838502168655396
1736158970.699143,1736158970.700339,4.0,0.0,4196.025879,4405.128418,4040.769287,4224.230957,4264.487305,0.0,2.0,43.0,,,,0.0,4.0,4.0,4.0,4.0,4.0,100.0,,,,,,,,1.0,0.0,0.599771,0.333618,0.557434,-0.467163,0.993179,0.124025,-0.155764,-0.00299,-0.009619,-0.010032,,,,,,,,,,,,,,,,,,,,,,,,,,,,,,,,,,,,,,,,,,,,,,,,,,,,,,,,,,,,,,15.846312046051025
1736158970.706953,1736158970.708148,5.0,0.0,4196.153809,4414.615234,4043.846191,4224.102539,4263.589844,0.0,2.0,43.0,,,,0.0,4.0,4.0,4.0,4.0,4.0,100.0,,,,,,,,,,,,,,,,,,,,,,,,,,,,,,,,,,,,,,,,,,,,,,,,,,,,,,,,,,,,,,,,,,,,,,,,,,,,,,,,,15.854122161865234
1736158970.714763,1736158970.715958,6.0,0.0,4192.692383,4426.025879,4038.718018,4219.871582,4262.563965,0.0,2.0,43.0,,,,0.0,4.0,4.0,4.0,4.0,4.0,100.0,,,,,,,,,,,,,,,,,,,,,,,,,,,,,,,,,,,,,,,,,,,,,,,,,,,,,,,,,,,,,,,,,,,,,,,,,,,,,,,,,15.861932039260864
1736158970.722573,1736158970.723768,7.0,0.0,4187.436035,4427.563965,4025.769287,4216.153809,4254.358887,0.0,2.0,43.0,,,,0.0,4.0,4.0,4.0,4.0,4.0,100.0,,,,,,,,,,,,,,,,,,,,,,,,,,,,,,,,,,,,,,,,,,,,,,,,,,,,,,,,,,,,,,,,,,,,,,,,,,,,,,,,,15.869742155075073
1736158970.730383,1736158970.731477,8.0,0.0,4194.743652,4422.820313,4018.461426,4217.692383,4250.641113,0.0,2.0,43.0,,,,0.0,4.0,4.0,4.0,4.0,4.0,100.0,,,,,,,,2.0,0.0,0.599596,0.333557,0.557556,-0.467285,0.991226,0.125002,-0.144045,-0.002935,-0.009719,-0.00992,,,,,,,,,,,,,,,,,,,,,,,,,,,,,,,,,,,,,,,,,,,,,,,,,,,,,,,,,,,,,,15.877552032470703
1736158970.738192,1736158970.739287,9.0,0.0,4190.0,4418.846191,4011.281982,4204.102539,4245.512695,0.0,2.0,43.0,,,,0.0,4.0,4.0,4.0,4.0,4.0,100.0,,,,,,,,,,,,,,,,,,,,,,,,,,,,,,,,,,,,,,,,,,,,,,,,,,,,,,,,,,,,,,,,,,,,,,,,,,,,,,,,,15.885361194610596
1736158970.746002,1736158970.747097,10.0,0.0,4190.512695,4425.641113,4009.871826,4200.0,4252.436035,0.0,2.0,43.0,,,,0.0,4.0,4.0,4.0,4.0,4.0,100.0,,,,,,,,,,,,,,,,,,,,,,,,,,,,,,,,,,,,,,,,,,,,,,,,,,,,,,,,,,,,,,,,,,,,,,,,,,,,,,,,,15.893171072006226
1736158970.753812,1736158970.754906,11.0,0.0,4223.461426,4439.102539,4020.128174,4230.128418,4282.307617,0.0,2.0,43.0,,,,0.0,4.0,4.0,4.0,4.0,4.0,100.0,,,,,,,,,,,,,,,,,,,,,,,,,,,,,,,,,,,,,,,,,,,,,,,,,,,,,,,,,,,,,,,,,,,,,,,,,,,,,,,,,15.900981187820435
1736158970.761622,1736158970.762616,12.0,0.0,4227.436035,4432.05127,4017.05127,4240.256348,4287.692383,0.0,2.0,43.0,,,,0.0,4.0,4.0,4.0,4.0,4.0,100.0,,,,,,,,3.0,0.0,0.599671,0.333252,0.557556,-0.467407,0.988296,0.136233,-0.155276,-0.002995,-0.009675,-0.009929,,,,,,,,,,,,,,,,,,,,,,,,,,,,,,,,,,,,,,,,,,,,,,,,,,,,,,,,,,,,,,15.908791065216064
1736158970.769432,1736158970.770426,13.0,0.0,4191.153809,4407.436035,4002.179443,4214.230957,4260.769043,0.0,2.0,43.0,,,,0.0,4.0,4.0,4.0,4.0,4.0,100.0,,,,,,,,,,,,,,,,,,,,,,,,,,,,,,,,,,,,,,,,,,,,,,,,,,,,,,,,,,,,,,,,,,,,,,,,,,,,,,,,,15.916601181030273
1736158970.777242,1736158970.778235,14.0,0.0,4192.94873,4401.282227,4004.871826,4210.769043,4260.256348,0.0,2.0,43.0,,,,0.0,4.0,4.0,4.0,4.0,4.0,100.0,,,,,,,,,,,,,,,,,,,,,,,,,,,,,,,,,,,,,,,,,,,,,,,,,,,,,,,,2.804573,2.201101,1.452745,0.985973,0.442832,0.600941,1.693627,1.046664,0.475959,0.423031,1.312051,0.943193,0.844965,0.887376,0.440649,2.072014,0.852343,0.855506,1.071499,0.440477,2.934577,1.350645,0.956923,1.087318,0.415461,15.924411058425903
1736158970.785052,1736158970.786045,15.0,0.0,4217.692383,4411.025879,4015.384521,4226.025879,4280.0,0.0,2.0,43.0,,,,0.0,4.0,4.0,4.0,4.0,4.0,100.0,,,,,,,,,,,,,,,,,,,,,,,,,,,,,,,,,,,,,,,,,,,,,,,,,,,,,,,,,,,,,,,,,,,,,,,,,,,,,,,,,15.932221174240112
1736158970.792862,1736158970.793755,16.0,0.0,4205.256348,4403.974121,4015.769287,4219.743652,4275.512695,0.0,2.0,43.0,,,,0.0,4.0,4.0,4.0,4.0,4.0,100.0,,,,,,,,4.0,0.0,0.599752,0.333191,0.557556,-0.467346,0.988296,0.136233,-0.155276,-0.00305,-0.009635,-0.009937,,,,,,,,,,,,,,,,,,,,,,,,,,,,,,,,,,,,,,,,,,,,,,,,,,,,,,,,,,,,,,15.940031051635742
1736158970.800672,1736158970.801564,17.0,0.0,4187.94873,4389.358887,4016.923096,4213.589844,4266.282227,0.0,2.0,43.0,,,,0.0,4.0,4.0,4.0,4.0,4.0,100.0,,,,,,,,,,,,,,,,,,,,,,,,,,,,,,,,,,,,,,,,,,,,,,,,,,,,,,,,,,,,,,,,,,,,,,,,,,,,,,,,,15.947841167449951
1736158970.808482,1736158970.809374,18.0,0.0,4192.307617,4395.512695,4021.410156,4221.794922,4271.538574,0.0,2.0,43.0,,,,0.0,4.0,4.0,4.0,4.0,4.0,100.0,,,,,,,,,,,,,,,,,,,,,,,,,,,,,,,,,,,,,,,,,,,,,,,,,,,,,,,,,,,,,,,,,,,,,,,,,,,,,,,,,15.955651044845581
1736158970.816291,1736158970.817184,19.0,0.0,4190.512695,4412.179688,4024.358887,4220.641113,4271.282227,0.0,2.0,43.0,,,,0.0,4.0,4.0,4.0,4.0,4.0,100.0,,,,,,,,,,,,,,,,,,,,,,,,,,,,,,,,,,,,,,,,,,,,,,,,,,,,,,,,,,,,,,,,,,,,,,,,,,,,,,,,,15.963460206985474
1736158970.824101,1736158970.824893,20.0,0.0,4184.871582,4416.153809,4028.333252,4216.410156,4266.794922,0.0,2.0,43.0,,,,0.0,4.0,4.0,4.0,4.0,4.0,100.0,,,,,,,,5.0,0.0,0.599668,0.333069,0.557617,-0.467468,0.985855,0.133303,-0.153811,-0.003184,-0.009648,-0.00992,,,,,,,,,,,,,,,,,,,,,,,,,,,,,,,,,,,,,,,,,,,,,,,,,,,,,,,,,,,,,,15.971270084381104
1736158970.831911,1736158970.832703,21.0,0.0,4190.0,4415.0,4030.256348,4225.769043,4270.256348,0.0,2.0,43.0,,,,0.0,4.0,4.0,4.0,4.0,4.0,100.0,,,,,,,,,,,,,,,,,,,,,,,,,,,,,,,,,,,,,,,,,,,,,,,,,,,,,,,,,,,,,,,,,,,,,,,,,,,,,,,,,15.979080200195312
1736158970.839721,1736158970.840513,22.0,0.0,4198.589844,4420.897461,4030.384521,4231.922852,4274.743652,0.0,2.0,43.0,,,,0.0,4.0,4.0,4.0,4.0,4.0,100.0,,,,,,,,,,,,,,,,,,,,,,,,,,,,,,,,,,,,,,,,,,,,,,,,,,,,,,,,,,,,,,,,,,,,,,,,,,,,,,,,,15.986890077590942
1736158970.847531,1736158970.848322,23.0,0.0,4203.974121,4423.974121,4030.641113,4222.05127,4273.205078,0.0,2.0,43.0,,,,0.0,4.0,4.0,4.0,4.0,4.0,100.0,,,,,,,,,,,,,,,,,,,,,,,,,,,,,,,,,,,,,,,,,,,,,,,,,,,,,,,,,,,,,,,,,,,,,,,,,,,,,,,,,15.994700193405151
1736158970.855341,1736158970.856032,24.0,0.0,4203.461426,4424.358887,4027.94873,4212.94873,4268.974121,0.0,2.0,43.0,,,,0.0,4.0,4.0,4.0,4.0,4.0,100.0,,,,,,,,6.0,0.0,0.599568,0.33313,0.557739,-0.467407,0.992203,0.129397,-0.150393,-0.003147,-0.009745,-0.009856,,,,,,,,,,,,,,,,,,,,,,,,,,,,,,,,,,,,,,,,,,,,,,,,,,,,,,,,,,,,,,16.00251007080078
1736158970.863151,1736158970.863842,25.0,0.0,4203.974121,4434.102539,4030.512939,4215.256348,4268.974121,0.0,2.0,43.0,,,,0.0,4.0,4.0,4.0,4.0,4.0,100.0,,,,,,,,,,,,,,,,,,,,,,,,,,,,,,,,,,,,,,,,,,,,,,,,,,,,,,,,,,,,,,,,,,,,,,,,,,,,,,,,,16.01032018661499
1736158970.870961,1736158970.871651,26.0,0.0,4208.461426,4439.487305,4037.94873,4215.512695,4272.307617,0.0,2.0,43.0,,,,0.0,4.0,4.0,4.0,4.0,4.0,100.0,,,,,,,,,,,,,,,,,,,,,,,,,,,,,,,,,,,,,,,,,,,,,,,,,,,,,,,,,,,,,,,,,,,,,,,,,,,,,,,,,16.01813006401062
1736158970.878771,1736158970.879461,27.0,0.0,4200.512695,4428.589844,4031.153809,4207.563965,4267.563965,0.0,2.0,43.0,,,,0.0,4.0,4.0,4.0,4.0,4.0,100.0,,,,,,,,,,,,,,,,,,,,,,,,,,,,,,,,,,,,,,,,,,,,,,,,,,,,,,,,,,,,,,,,,,,,,,,,,,,,,,,,,16.02594017982483
1736158970.886581,1736158970.887171,28.0,0.0,4190.384766,4426.153809,4019.487061,4208.461426,4262.179688,0.0,2.0,43.0,,,,0.0,4.0,4.0,4.0,4.0,4.0,100.0,,,,,,,,7.0,0.0,0.599467,0.333862,0.558228,-0.466431,0.992203,0.129397,-0.150393,-0.003113,-0.009833,-0.009798,,,,,,,,,,,,,,,,,,,,,,,,,,,,,,,,,,,,,,,,,,,,,,,,,,,,,,,,,,,,,,16.03375005722046
1736158970.894391,1736158970.89498,29.0,0.0,4203.333496,4442.179688,4029.358887,4223.717773,4270.0,0.0,2.0,43.0,,,,0.0,4.0,4.0,4.0,4.0,4.0,100.0,,,,,,,,,,,,,,,,,,,,,,,,,,,,,,,,,,,,,,,,,,,,,,,,,,,,,,,,,,,,,,,,,,,,,,,,,,,,,,,,,16.041560173034668
1736158970.902201,1736158970.90279,30.0,0.0,4213.461426,4447.692383,4045.384521,4231.410156,4277.563965,0.0,2.0,43.0,,,,0.0,4.0,4.0,4.0,4.0,4.0,100.0,1.0,100.0,4.0,4.0,4.0,4.0,4.0,,,,,,,,,,,,,1.0,0.495108,-0.177646,-1.478952,1.75103,1.0,0.338392,0.006442,-0.562554,0.523773,1.0,0.194408,1.707945,-1.355983,12.94558,0.201596,1.0,0.292821,-0.209538,-0.306787,0.000445,1.0,0.217745,-0.761854,-1.051945,0.478501,1.0,0.436111,-0.655679,-5.787184,5.709023,1.0,0.153761,0.475756,0.455755,0.605724,2.569,2.226426,1.439535,0.840644,0.41052,0.668626,1.857395,1.105313,0.429162,0.404504,1.023325,1.153302,0.858512,0.779658,0.418845,2.130239,0.728135,0.656485,0.876693,0.395066,2.711401,1.271865,0.925982,0.932948,0.383994,16.049370050430298
1736158970.91001,1736158970.9106,31.0,0.0,4200.0,4437.436035,4042.307617,4223.333496,4275.512695,0.0,2.0,43.0,,,,0.0,4.0,4.0,4.0,4.0,4.0,100.0,,,,,,,,,,,,,,,,,,,,,,,,,,,,,,,,,,,,,,,,,,,,,,,,,,,,,,,,,,,,,,,,,,,,,,,,,,,,,,,,,16.05717921257019
1736158970.91782,1736158970.918509,32.0,0.0,4198.205078,4436.410156,4033.846191,4219.615234,4279.871582,0.0,2.0,43.0,,,,0.0,4.0,4.0,4.0,4.0,4.0,100.0,,,,,,,,8.0,0.0,0.599325,0.334167,0.55835,-0.466248,0.992203,0.129397,-0.150393,-0.003082,-0.009912,-0.00977,,,,,,,,,,,,,,,,,,,,,,,,,,,,,,,,,,,,,,,,,,,,,,,,,,,,,,,,,,,,,,16.06498908996582
1736158970.92563,1736158970.926319,33.0,0.0,4211.025879,4441.410156,4035.641113,4225.769043,4287.05127,0.0,2.0,43.0,,,,0.0,4.0,4.0,4.0,4.0,4.0,100.0,,,,,,,,,,,,,,,,,,,,,,,,,,,,,,,,,,,,,,,,,,,,,,,,,,,,,,,,,,,,,,,,,,,,,,,,,,,,,,,,,16.07279920578003
1736158970.93344,1736158970.934129,34.0,0.0,4202.436035,4432.179688,4032.05127,4220.0,4277.307617,0.0,2.0,43.0,,,,0.0,4.0,4.0,4.0,4.0,4.0,100.0,,,,,,,,,,,,,,,,,,,,,,,,,,,,,,,,,,,,,,,,,,,,,,,,,,,,,,,,,,,,,,,,,,,,,,,,,,,,,,,,,16.08060908317566
1736158970.94125,1736158970.941939,35.0,0.0,4189.871582,4420.384766,4019.230713,4206.153809,4263.589844,0.0,2.0,43.0,,,,0.0,4.0,4.0,4.0,4.0,4.0,100.0,,,,,,,,,,,,,,,,,,,,,,,,,,,,,,,,,,,,,,,,,,,,,,,,,,,,,,,,,,,,,,,,,,,,,,,,,,,,,,,,,16.088419198989868
1736158970.94906,1736158970.949849,36.0,0.0,4202.692383,4427.179688,4018.461426,4207.692383,4264.230957,0.0,2.0,43.0,,,,0.0,4.0,4.0,4.0,4.0,4.0,100.0,,,,,,,,9.0,0.0,0.599284,0.334412,0.55835,-0.466125,0.984878,0.125002,-0.149905,-0.003165,-0.009873,-0.00988,,,,,,,,,,,,,,,,,,,,,,,,,,,,,,,,,,,,,,,,,,,,,,,,,,,,,,,,,,,,,,16.096229076385498
1736158970.95687,1736158970.957659,37.0,0.0,4212.692383,4439.743652,4026.923096,4213.077148,4265.769043,0.0,2.0,43.0,,,,0.0,4.0,4.0,4.0,4.0,4.0,100.0,,,,,,,,,,,,,,,,,,,,,,,,,,,,,,,,,,,,,,,,,,,,,,,,,,,,,,,,,,,,,,,,,,,,,,,,,,,,,,,,,16.104039192199707
1736158970.96468,1736158970.965468,38.0,0.0,4206.538574,4442.05127,4027.307617,4209.358887,4264.615234,0.0,2.0,43.0,,,,0.0,4.0,4.0,4.0,4.0,4.0,100.0,,,,,,,,,,,,,,,,,,,,,,,,,,,,,,,,,,,,,,,,,,,,,,,,,,,,,,,,,,,,,,,,,,,,,,,,,,,,,,,,,16.111849069595337
1736158970.97249,1736158970.973278,39.0,0.0,4210.897461,4439.871582,4028.974365,4215.384766,4275.128418,0.0,2.0,43.0,,,,0.0,4.0,4.0,4.0,4.0,4.0,100.0,,,,,,,,,,,,,,,,,,,,,,,,,,,,,,,,,,,,,,,,,,,,,,,,,,,,,,,,,,,,,,,,,,,,,,,,,,,,,,,,,16.119659185409546
1736158970.9803,1736158970.981188,40.0,0.0,4218.461426,4436.025879,4034.615479,4224.615234,4283.974121,0.0,2.0,43.0,,,,0.0,4.0,4.0,4.0,4.0,4.0,100.0,,,,,,,,10.0,0.0,0.599163,0.334595,0.558472,-0.466003,0.988296,0.120607,-0.160159,-0.003178,-0.009813,-0.009893,,,,,,,,,,,,,,,,,,,,,,,,,,,,,,,,,,,,,,,,,,,,,,,,,,,,,,,,,,,,,,16.127469062805176
1736158970.988109,1736158970.988998,41.0,0.0,4215.256348,4434.743652,4031.794922,4221.153809,4281.410156,0.0,2.0,43.0,,,,0.0,4.0,4.0,4.0,4.0,4.0,100.0,,,,,,,,,,,,,,,,,,,,,,,,,,,,,,,,,,,,,,,,,,,,,,,,,,,,,,,,,,,,,,,,,,,,,,,,,,,,,,,,,16.13527822494507
1736158970.99592,1736158970.996808,42.0,0.0,4221.410156,4442.94873,4027.307617,4227.05127,4287.820313,0.0,2.0,43.0,,,,0.0,4.0,4.0,4.0,4.0,4.0,100.0,,,,,,,,,,,,,,,,,,,,,,,,,,,,,,,,,,,,,,,,,,,,,,,,,,,,,,,,,,,,,,,,,,,,,,,,,,,,,,,,,16.143089056015015
1736158971.003729,1736158971.004618,43.0,0.0,4229.615234,4443.589844,4020.897461,4235.0,4296.025879,0.0,2.0,43.0,,,,0.0,4.0,4.0,4.0,4.0,4.0,100.0,,,,,,,,,,,,,,,,,,,,,,,,,,,,,,,,,,,,,,,,,,,,,,,,,,,,,,,,,,,,,,,,,,,,,,,,,,,,,,,,,16.150898218154907
1736158971.011539,1736158971.012527,44.0,0.0,4221.153809,4429.358887,4007.692383,4218.333496,4283.589844,0.0,2.0,43.0,,,,0.0,4.0,4.0,4.0,4.0,4.0,100.0,,,,,,,,11.0,0.0,0.599182,0.334595,0.558655,-0.465759,0.988296,0.120607,-0.160159,-0.00319,-0.009759,-0.009904,,,,,,,,,,,,,,,,,,,,,,,,,,,,,,,,,,,,,,,,,,,,,,,,,,,,,,,,,,,,,,16.158708095550537
1736158971.019349,1736158971.020337,45.0,0.0,4216.025879,4425.641113,4009.102539,4208.589844,4273.333496,0.0,2.0,43.0,,,,0.0,4.0,4.0,4.0,4.0,4.0,100.0,,,,,,,,,,,,,,,,,,,,,,,,,,,,,,,,,,,,,,,,,,,,,,,,,,,,,,,,,,,,,,,,,,,,,,,,,,,,,,,,,16.166518211364746
1736158971.027159,1736158971.028147,46.0,0.0,4214.102539,4430.384766,4019.358887,4218.077148,4278.846191,0.0,2.0,43.0,,,,0.0,4.0,4.0,4.0,4.0,4.0,100.0,,,,,,,,,,,,,,,,,,,,,,,,,,,,,,,,,,,,,,,,,,,,,,,,,,,,,,,,2.308884,2.169495,1.420042,0.689059,0.391273,0.793064,1.98485,1.176008,0.420627,0.392063,0.877387,1.505987,0.83097,0.67201,0.398669,2.262763,0.784315,0.481048,0.711684,0.364212,2.603389,1.19594,0.880668,0.811348,0.366615,16.174328088760376
1736158971.034969,1736158971.035956,47.0,0.0,4200.256348,4428.077148,4012.307617,4210.512695,4276.666504,0.0,2.0,43.0,,,,0.0,4.0,4.0,4.0,4.0,4.0,100.0,,,,,,,,,,,,,,,,,,,,,,,,,,,,,,,,,,,,,,,,,,,,,,,,,,,,,,,,,,,,,,,,,,,,,,,,,,,,,,,,,16.182138204574585
1736158971.042779,1736158971.043866,48.0,0.0,4198.974121,4436.794922,4012.05127,4202.563965,4272.820313,0.0,2.0,43.0,,,,0.0,4.0,4.0,4.0,4.0,4.0,100.0,,,,,,,,12.0,0.0,0.599184,0.334473,0.558777,-0.465698,0.983413,0.119142,-0.156252,-0.00331,-0.009723,-0.009842,,,,,,,,,,,,,,,,,,,,,,,,,,,,,,,,,,,,,,,,,,,,,,,,,,,,,,,,,,,,,,16.189948081970215
1736158971.050589,1736158971.051675,49.0,0.0,4210.384766,4449.871582,4030.256348,4216.794922,4281.282227,0.0,2.0,43.0,,,,0.0,4.0,4.0,4.0,4.0,4.0,100.0,,,,,,,,,,,,,,,,,,,,,,,,,,,,,,,,,,,,,,,,,,,,,,,,,,,,,,,,,,,,,,,,,,,,,,,,,,,,,,,,,16.197758197784424
1736158971.058399,1736158971.059485,50.0,0.0,4202.307617,4440.384766,4034.102539,4218.846191,4282.307617,0.0,2.0,43.0,,,,0.0,4.0,4.0,4.0,4.0,4.0,100.0,,,,,,,,,,,,,,,,,,,,,,,,,,,,,,,,,,,,,,,,,,,,,,,,,,,,,,,,,,,,,,,,,,,,,,,,,,,,,,,,,16.205568075180054
1736158971.066209,1736158971.067295,51.0,0.0,4189.871582,4430.512695,4030.769287,4208.461426,4272.436035,0.0,2.0,43.0,,,,0.0,4.0,4.0,4.0,4.0,4.0,100.0,,,,,,,,,,,,,,,,,,,,,,,,,,,,,,,,,,,,,,,,,,,,,,,,,,,,,,,,,,,,,,,,,,,,,,,,,,,,,,,,,16.213378190994263
1736158971.074019,1736158971.075204,52.0,0.0,4195.512695,4436.153809,4037.05127,4213.974121,4272.94873,0.0,2.0,43.0,,,,0.0,4.0,4.0,4.0,4.0,4.0,100.0,,,,,,,,13.0,0.0,0.599065,0.334534,0.558716,-0.465881,0.979995,0.119631,-0.137697,-0.003382,-0.009752,-0.009785,,,,,,,,,,,,,,,,,,,,,,,,,,,,,,,,,,,,,,,,,,,,,,,,,,,,,,,,,,,,,,16.221188068389893
1736158971.081828,1736158971.083014,53.0,0.0,4208.205078,4432.820313,4031.025635,4222.179688,4287.307617,0.0,2.0,43.0,,,,0.0,4.0,4.0,4.0,4.0,4.0,100.0,,,,,,,,,,,,,,,,,,,,,,,,,,,,,,,,,,,,,,,,,,,,,,,,,,,,,,,,,,,,,,,,,,,,,,,,,,,,,,,,,16.228997230529785
1736158971.089638,1736158971.090823,54.0,0.0,4223.333496,4425.512695,4019.102539,4224.487305,4303.205078,0.0,2.0,43.0,,,,0.0,4.0,4.0,4.0,4.0,4.0,100.0,,,,,,,,,,,,,,,,,,,,,,,,,,,,,,,,,,,,,,,,,,,,,,,,,,,,,,,,,,,,,,,,,,,,,,,,,,,,,,,,,16.236807107925415
1736158971.097448,1736158971.098633,55.0,0.0,4229.102539,4429.102539,4021.666748,4227.05127,4305.512695,0.0,2.0,43.0,,,,0.0,4.0,4.0,4.0,4.0,4.0,100.0,,,,,,,,,,,,,,,,,,,,,,,,,,,,,,,,,,,,,,,,,,,,,,,,,,,,,,,,,,,,,,,,,,,,,,,,,,,,,,,,,16.244617223739624
1736158971.105258,1736158971.106343,56.0,0.0,4216.025879,4427.820313,4024.487061,4222.307617,4296.282227,0.0,2.0,43.0,,,,0.0,4.0,4.0,4.0,4.0,4.0,100.0,,,,,,,,14.0,0.0,0.59877,0.334534,0.558777,-0.466187,0.979995,0.119631,-0.137697,-0.003447,-0.009778,-0.009735,,,,,,,,,,,,,,,,,,,,,,,,,,,,,,,,,,,,,,,,,,,,,,,,,,,,,,,,,,,,,,16.252427101135254
1736158971.113068,1736158971.114152,57.0,0.0,4209.102539,4420.641113,4024.358887,4219.230957,4296.410156,0.0,2.0,43.0,,,,0.0,4.0,4.0,4.0,4.0,4.0,100.0,,,,,,,,,,,,,,,,,,,,,,,,,,,,,,,,,,,,,,,,,,,,,,,,,,,,,,,,,,,,,,,,,,,,,,,,,,,,,,,,,16.260237216949463
1736158971.120878,1736158971.121962,58.0,0.0,4211.922852,4418.461426,4028.333252,4222.179688,4301.410156,0.0,2.0,43.0,,,,0.0,4.0,4.0,4.0,4.0,4.0,100.0,,,,,,,,,,,,,,,,,,,,,,,,,,,,,,,,,,,,,,,,,,,,,,,,,,,,,,,,,,,,,,,,,,,,,,,,,,,,,,,,,16.268047094345093
1736158971.128688,1736158971.129772,59.0,0.0,4208.846191,4420.641113,4029.743652,4217.820313,4299.230957,0.0,2.0,43.0,,,,0.0,4.0,4.0,4.0,4.0,4.0,100.0,,,,,,,,,,,,,,,,,,,,,,,,,,,,,,,,,,,,,,,,,,,,,,,,,,,,,,,,,,,,,,,,,,,,,,,,,,,,,,,,,16.2758572101593
1736158971.136498,1736158971.137481,60.0,0.0,4212.307617,4428.461426,4033.333252,4217.563965,4302.436035,0.0,2.0,43.0,,,,0.0,4.0,4.0,4.0,4.0,4.0,100.0,,,,,,,,15.0,0.0,0.598689,0.334595,0.558777,-0.466248,0.999527,0.117678,-0.146487,-0.00348,-0.00974,-0.009738,,,,,,,,,,,,,,,,,,,,,,,,,,,,,,,,,,,,,,,,,,,,,,,,,,,,,,,,,,,,,,16.28366708755493
1736158971.144308,1736158971.145291,61.0,0.0,4212.820313,4429.871582,4035.256348,4219.487305,4300.256348,0.0,2.0,43.0,,,,0.0,4.0,4.0,4.0,4.0,4.0,100.0,,,,,,,,,,,,,,,,,,,,,,,,,,,,,,,,,,,,,,,,,,,,,,,,,,,,,,,,,,,,,,,,,,,,,,,,,,,,,,,,,16.29147720336914
1736158971.152118,1736158971.153101,62.0,0.0,4194.487305,4418.333496,4022.94873,4204.487305,4278.717773,0.0,2.0,43.0,,,,0.0,4.0,4.0,4.0,4.0,4.0,100.0,,,,,,,,,,,,,,,,,,,,,,,,,,,,,,,,,,,,,,,,,,,,,,,,,,,,,,,,2.011646,2.092983,1.384346,0.569614,0.389784,1.061694,2.092106,1.230514,0.461876,0.382635,0.895011,2.01954,0.77328,0.603136,0.378951,2.415081,1.003029,0.373743,0.615234,0.353543,2.680418,1.139156,0.845945,0.757949,0.364502,16.29928708076477
1736158971.159928,1736158971.16091,63.0,0.0,4191.025879,4421.025879,4021.923096,4201.794922,4272.94873,0.0,2.0,43.0,,,,0.0,4.0,4.0,4.0,4.0,4.0,100.0,,,,,,,,,,,,,,,,,,,,,,,,,,,,,,,,,,,,,,,,,,,,,,,,,,,,,,,,,,,,,,,,,,,,,,,,,,,,,,,,,16.30709719657898
1736158971.167738,1736158971.16862,64.0,0.0,4203.974121,4431.794922,4037.564209,4219.230957,4286.666504,0.0,2.0,43.0,,,,0.0,4.0,4.0,4.0,4.0,4.0,100.0,,,,,,,,16.0,0.0,0.598768,0.334656,0.558655,-0.466248,0.985855,0.125002,-0.149905,-0.003474,-0.009804,-0.009838,,,,,,,,,,,,,,,,,,,,,,,,,,,,,,,,,,,,,,,,,,,,,,,,,,,,,,,,,,,,,,16.31490707397461
1736158971.175547,1736158971.17643,65.0,0.0,4197.05127,4419.230957,4031.410156,4212.307617,4279.743652,0.0,2.0,43.0,,,,0.0,4.0,4.0,4.0,4.0,4.0,100.0,,,,,,,,,,,,,,,,,,,,,,,,,,,,,,,,,,,,,,,,,,,,,,,,,,,,,,,,,,,,,,,,,,,,,,,,,,,,,,,,,16.322715997695923
1736158971.183357,1736158971.184239,66.0,0.0,4192.820313,4411.538574,4016.410156,4198.077148,4267.05127,0.0,2.0,43.0,,,,0.0,4.0,4.0,4.0,4.0,4.0,100.0,,,,,,,,,,,,,,,,,,,,,,,,,,,,,,,,,,,,,,,,,,,,,,,,,,,,,,,,,,,,,,,,,,,,,,,,,,,,,,,,,16.330526113510132
1736158971.191167,1736158971.192049,67.0,0.0,4207.05127,4425.769043,4027.179443,4211.153809,4272.436035,0.0,2.0,43.0,,,,0.0,4.0,4.0,4.0,4.0,4.0,100.0,,,,,,,,,,,,,,,,,,,,,,,,,,,,,,,,,,,,,,,,,,,,,,,,,,,,,,,,,,,,,,,,,,,,,,,,,,,,,,,,,16.33833622932434
1736158971.198977,1736158971.199759,68.0,0.0,4203.717773,4420.256348,4034.230713,4214.230957,4267.563965,0.0,2.0,43.0,,,,0.0,4.0,4.0,4.0,4.0,4.0,100.0,,,,,,,,17.0,0.0,0.59878,0.334534,0.558716,-0.466248,0.985855,0.125002,-0.149905,-0.00342,-0.009751,-0.009819,,,,,,,,,,,,,,,,,,,,,,,,,,,,,,,,,,,,,,,,,,,,,,,,,,,,,,,,,,,,,,16.34614610671997
1736158971.206787,1736158971.207568,69.0,0.0,4194.743652,4404.102539,4022.179443,4202.179688,4255.384766,0.0,2.0,43.0,,,,0.0,4.0,4.0,4.0,4.0,4.0,100.0,,,,,,,,,,,,,,,,,,,,,,,,,,,,,,,,,,,,,,,,,,,,,,,,,,,,,,,,,,,,,,,,,,,,,,,,,,,,,,,,,16.35395622253418
1736158971.214597,1736158971.215378,70.0,0.0,4208.333496,4414.230957,4021.538574,4210.512695,4264.743652,0.0,2.0,43.0,,,,0.0,4.0,4.0,4.0,4.0,4.0,100.0,,,,,,,,,,,,,,,,,,,,,,,,,,,,,,,,,,,,,,,,,,,,,,,,,,,,,,,,,,,,,,,,,,,,,,,,,,,,,,,,,16.36176609992981
1736158971.222407,1736158971.223188,71.0,0.0,4210.641113,4417.692383,4024.102539,4210.897461,4271.666504,0.0,2.0,43.0,,,,0.0,4.0,4.0,4.0,4.0,4.0,100.0,,,,,,,,,,,,,,,,,,,,,,,,,,,,,,,,,,,,,,,,,,,,,,,,,,,,,,,,,,,,,,,,,,,,,,,,,,,,,,,,,16.36957621574402
1736158971.230217,1736158971.230897,72.0,0.0,4194.487305,4402.179688,4012.564209,4189.230957,4261.153809,0.0,2.0,43.0,,,,0.0,4.0,4.0,4.0,4.0,4.0,100.0,,,,,,,,18.0,0.0,0.598689,0.334595,0.558777,-0.466248,0.992203,0.125978,-0.143069,-0.003407,-0.009789,-0.009716,,,,,,,,,,,,,,,,,,,,,,,,,,,,,,,,,,,,,,,,,,,,,,,,,,,,,,,,,,,,,,16.37738609313965
1736158971.238027,1736158971.238707,73.0,0.0,4201.410156,4412.563965,4016.538574,4197.179688,4269.743652,0.0,2.0,43.0,,,,0.0,4.0,4.0,4.0,4.0,4.0,100.0,,,,,,,,,,,,,,,,,,,,,,,,,,,,,,,,,,,,,,,,,,,,,,,,,,,,,,,,,,,,,,,,,,,,,,,,,,,,,,,,,16.385196208953857
1736158971.245837,1736158971.246517,74.0,0.0,4215.897461,4428.717773,4031.281982,4224.358887,4292.05127,0.0,2.0,43.0,,,,0.0,4.0,4.0,4.0,4.0,4.0,100.0,,,,,,,,,,,,,,,,,,,,,,,,,,,,,,,,,,,,,,,,,,,,,,,,,,,,,,,,,,,,,,,,,,,,,,,,,,,,,,,,,16.393006086349487
1736158971.253646,1736158971.254326,75.0,0.0,4198.461426,4409.487305,4017.94873,4216.153809,4283.974121,0.0,2.0,43.0,,,,0.0,4.0,4.0,4.0,4.0,4.0,100.0,,,,,,,,,,,,,,,,,,,,,,,,,,,,,,,,,,,,,,,,,,,,,,,,,,,,,,,,,,,,,,,,,,,,,,,,,,,,,,,,,16.4008150100708
1736158971.261457,1736158971.262236,76.0,0.0,4179.615234,4400.0,4006.153809,4200.256348,4265.128418,0.0,2.0,43.0,,,,0.0,4.0,4.0,4.0,4.0,4.0,100.0,,,,,,,,19.0,0.0,0.598679,0.334595,0.558838,-0.466187,0.992203,0.125978,-0.143069,-0.003396,-0.009823,-0.009623,,,,,,,,,,,,,,,,,,,,,,,,,,,,,,,,,,,,,,,,,,,,,,,,,,,,,,,,,,,,,,16.408626079559326
1736158971.269266,1736158971.270046,77.0,0.0,4191.025879,4423.589844,4029.615479,4214.487305,4274.871582,0.0,2.0,43.0,,,,0.0,4.0,4.0,4.0,4.0,4.0,100.0,,,,,,,,,,,,,,,,,,,,,,,,,,,,,,,,,,,,,,,,,,,,,,,,,,,,,,,,,,,,,,,,,,,,,,,,,,,,,,,,,16.41643500328064
1736158971.277076,1736158971.277856,78.0,0.0,4197.05127,4426.153809,4042.05127,4221.153809,4283.333496,0.0,2.0,43.0,,,,0.0,4.0,4.0,4.0,4.0,4.0,100.0,,,,,,,,,,,,,,,,,,,,,,,,,,,,,,,,,,,,,,,,,,,,,,,,,,,,,,,,1.672735,2.056439,1.312694,0.503272,0.412662,1.493937,2.187316,1.243036,0.538909,0.378576,1.035154,2.625029,0.711444,0.583981,0.361472,2.461694,1.31072,0.363665,0.582033,0.368271,2.900464,1.112156,0.842947,0.769938,0.376768,16.42424511909485
1736158971.284886,1736158971.285666,79.0,0.0,4184.230957,4413.461426,4025.769287,4207.05127,4270.641113,0.0,2.0,43.0,,,,0.0,4.0,4.0,4.0,4.0,4.0,100.0,,,,,,,,,,,,,,,,,,,,,,,,,,,,,,,,,,,,,,,,,,,,,,,,,,,,,,,,,,,,,,,,,,,,,,,,,,,,,,,,,16.43205499649048
1736158971.292696,1736158971.293576,80.0,0.0,4188.589844,4432.436035,4027.05127,4211.794922,4273.846191,0.0,2.0,43.0,,,,0.0,4.0,4.0,4.0,4.0,4.0,100.0,,,,,,,,20.0,0.0,0.598713,0.334534,0.558838,-0.466187,0.98146,0.129885,-0.14551,-0.003337,-0.009903,-0.009637,,,,,,,,,,,,,,,,,,,,,,,,,,,,,,,,,,,,,,,,,,,,,,,,,,,,,,,,,,,,,,16.439865112304688
1736158971.300506,1736158971.301385,81.0,0.0,4204.230957,4447.563965,4041.281982,4225.0,4286.922852,0.0,2.0,43.0,,,,0.0,4.0,4.0,4.0,4.0,4.0,100.0,,,,,,,,,,,,,,,,,,,,,,,,,,,,,,,,,,,,,,,,,,,,,,,,,,,,,,,,,,,,,,,,,,,,,,,,,,,,,,,,,16.447675228118896
1736158971.308316,1736158971.309195,82.0,0.0,4201.025879,4428.333496,4039.358887,4216.666504,4276.538574,0.0,2.0,43.0,,,,0.0,4.0,4.0,4.0,4.0,4.0,100.0,,,,,,,,,,,,,,,,,,,,,,,,,,,,,,,,,,,,,,,,,,,,,,,,,,,,,,,,,,,,,,,,,,,,,,,,,,,,,,,,,16.455485105514526
1736158971.316126,1736158971.317005,83.0,0.0,4197.307617,4421.794922,4038.974365,4208.333496,4266.922852,0.0,2.0,43.0,,,,0.0,4.0,4.0,4.0,4.0,4.0,100.0,,,,,,,,,,,,,,,,,,,,,,,,,,,,,,,,,,,,,,,,,,,,,,,,,,,,,,,,,,,,,,,,,,,,,,,,,,,,,,,,,16.463295221328735
1736158971.323936,1736158971.324915,84.0,0.0,4206.410156,4434.230957,4041.281982,4209.487305,4272.94873,0.0,2.0,43.0,,,,0.0,4.0,4.0,4.0,4.0,4.0,100.0,,,,,,,,21.0,0.0,0.598579,0.334656,0.55896,-0.466125,0.993179,0.131838,-0.150881,-0.003174,-0.009902,-0.009577,,,,,,,,,,,,,,,,,,,,,,,,,,,,,,,,,,,,,,,,,,,,,,,,,,,,,,,,,,,,,,16.471105098724365
1736158971.331746,1736158971.332725,85.0,0.0,4211.538574,4431.410156,4032.05127,4204.230957,4271.538574,0.0,2.0,43.0,,,,0.0,4.0,4.0,4.0,4.0,4.0,100.0,,,,,,,,,,,,,,,,,,,,,,,,,,,,,,,,,,,,,,,,,,,,,,,,,,,,,,,,,,,,,,,,,,,,,,,,,,,,,,,,,16.478915214538574
1736158971.339556,1736158971.340535,86.0,0.0,4217.820313,4431.666504,4035.256348,4209.615234,4276.794922,0.0,2.0,43.0,,,,0.0,4.0,4.0,4.0,4.0,4.0,100.0,,,,,,,,,,,,,,,,,,,,,,,,,,,,,,,,,,,,,,,,,,,,,,,,,,,,,,,,,,,,,,,,,,,,,,,,,,,,,,,,,16.486725091934204
1736158971.347366,1736158971.348345,87.0,0.0,4225.384766,4443.846191,4048.461426,4225.0,4293.589844,0.0,2.0,43.0,,,,0.0,4.0,4.0,4.0,4.0,4.0,100.0,,,,,,,,,,,,,,,,,,,,,,,,,,,,,,,,,,,,,,,,,,,,,,,,,,,,,,,,,,,,,,,,,,,,,,,,,,,,,,,,,16.494535207748413
1736158971.355175,1736158971.356254,88.0,0.0,4213.589844,4435.512695,4037.179443,4212.94873,4286.922852,0.0,2.0,43.0,,,,0.0,4.0,4.0,4.0,4.0,4.0,100.0,,,,,,,,22.0,0.0,0.598656,0.334534,0.558899,-0.466187,0.993179,0.131838,-0.150881,-0.00315,-0.009864,-0.009498,,,,,,,,,,,,,,,,,,,,,,,,,,,,,,,,,,,,,,,,,,,,,,,,,,,,,,,,,,,,,,16.502344131469727
1736158971.362985,1736158971.364064,89.0,0.0,4195.897461,4417.94873,4018.589844,4186.282227,4270.641113,0.0,2.0,43.0,,,,0.0,4.0,4.0,4.0,4.0,4.0,100.0,,,,,,,,,,,,,,,,,,,,,,,,,,,,,,,,,,,,,,,,,,,,,,,,,,,,,,,,,,,,,,,,,,,,,,,,,,,,,,,,,16.510154008865356
1736158971.370795,1736158971.371874,90.0,0.0,4197.05127,4417.05127,4021.923096,4180.128418,4277.307617,0.0,2.0,43.0,,,,0.0,4.0,4.0,4.0,4.0,4.0,100.0,,,,,,,,,,,,,,,,,,,,,,,,,,,,,,,,,,,,,,,,,,,,,,,,,,,,,,,,,,,,,,,,,,,,,,,,,,,,,,,,,16.517964124679565
1736158971.378605,1736158971.379684,91.0,0.0,4207.179688,4416.025879,4028.205078,4181.025879,4286.410156,0.0,2.0,43.0,,,,0.0,4.0,4.0,4.0,4.0,4.0,100.0,,,,,,,,,,,,,,,,,,,,,,,,,,,,,,,,,,,,,,,,,,,,,,,,,,,,,,,,,,,,,,,,,,,,,,,,,,,,,,,,,16.525774002075195
1736158971.386415,1736158971.387594,92.0,0.0,4218.077148,4415.256348,4026.410156,4184.743652,4291.666504,0.0,2.0,43.0,,,,0.0,4.0,4.0,4.0,4.0,4.0,100.0,,,,,,,,23.0,0.0,0.598609,0.334534,0.558899,-0.466248,0.995621,0.136233,-0.14551,-0.003067,-0.009829,-0.009549,,,,,,,,,,,,,,,,,,,,,,,,,,,,,,,,,,,,,,,,,,,,,,,,,,,,,,,,,,,,,,16.533584117889404
1736158971.394225,1736158971.395403,93.0,0.0,4233.333496,4429.487305,4031.281982,4210.384766,4313.846191,0.0,2.0,43.0,,,,0.0,4.0,4.0,4.0,4.0,4.0,100.0,,,,,,,,,,,,,,,,,,,,,,,,,,,,,,,,,,,,,,,,,,,,,,,,,,,,,,,,,,,,,,,,,,,,,,,,,,,,,,,,,16.541393995285034
1736158971.402035,1736158971.403213,94.0,0.0,4241.666504,4433.589844,4037.692383,4233.461426,4330.769043,0.0,2.0,43.0,,,,0.0,4.0,4.0,4.0,4.0,4.0,100.0,1.0,100.0,4.0,4.0,4.0,4.0,4.0,,,,,,,,,,,,,1.0,0.499572,0.423721,-1.478274,1.75035,1.0,0.39113,-0.120231,-0.562471,0.523529,1.0,0.194519,1.784241,-1.357817,12.942845,0.201659,1.0,0.292873,-0.218891,-0.306785,0.000393,1.0,0.217872,-0.726715,-1.052184,0.478307,1.0,0.435868,-0.639474,-5.786241,5.706526,1.0,0.153861,0.499981,0.455731,0.605706,1.290694,2.085069,1.190216,0.482357,0.460401,2.02305,2.245617,1.196827,0.617521,0.382369,1.228138,3.163844,0.679866,0.597063,0.34856,2.329415,1.594448,0.450685,0.57409,0.405865,3.165619,1.112199,0.873285,0.809551,0.398485,16.549204111099243
1736158971.409845,1736158971.411022,95.0,0.0,4233.333496,4415.897461,4034.743652,4224.487305,4316.282227,0.0,2.0,43.0,,,,0.0,4.0,4.0,4.0,4.0,4.0,100.0,,,,,,,,,,,,,,,,,,,,,,,,,,,,,,,,,,,,,,,,,,,,,,,,,,,,,,,,,,,,,,,,,,,,,,,,,,,,,,,,,16.557014226913452
1736158971.417655,1736158971.418932,96.0,0.0,4216.794922,4406.794922,4030.641113,4206.410156,4291.922852,0.0,2.0,43.0,,,,0.0,4.0,4.0,4.0,4.0,4.0,100.0,,,,,,,,24.0,0.0,0.598652,0.334473,0.558838,-0.466309,0.988296,0.130373,-0.144045,-0.003053,-0.009713,-0.009595,,,,,,,,,,,,,,,,,,,,,,,,,,,,,,,,,,,,,,,,,,,,,,,,,,,,,,,,,,,,,,16.564824104309082
1736158971.425465,1736158971.426742,97.0,0.0,4206.922852,4411.794922,4031.666748,4203.846191,4280.769043,0.0,2.0,43.0,,,,0.0,4.0,4.0,4.0,4.0,4.0,100.0,,,,,,,,,,,,,,,,,,,,,,,,,,,,,,,,,,,,,,,,,,,,,,,,,,,,,,,,,,,,,,,,,,,,,,,,,,,,,,,,,16.57263422012329
1736158971.433275,1736158971.434551,98.0,0.0,4210.897461,4417.307617,4031.538574,4210.512695,4281.666504,0.0,2.0,43.0,,,,0.0,4.0,4.0,4.0,4.0,4.0,100.0,,,,,,,,,,,,,,,,,,,,,,,,,,,,,,,,,,,,,,,,,,,,,,,,,,,,,,,,,,,,,,,,,,,,,,,,,,,,,,,,,16.58044409751892
1736158971.441085,1736158971.442361,99.0,0.0,4221.538574,4428.333496,4027.94873,4217.563965,4287.692383,0.0,2.0,43.0,,,,0.0,4.0,4.0,4.0,4.0,4.0,100.0,,,,,,,,,,,,,,,,,,,,,,,,,,,,,,,,,,,,,,,,,,,,,,,,,,,,,,,,,,,,,,,,,,,,,,,,,,,,,,,,,16.58825421333313
1736158971.448894,1736158971.450171,100.0,0.0,4227.179688,4436.282227,4024.230713,4219.743652,4291.538574,0.0,2.0,43.0,,,,0.0,4.0,4.0,4.0,4.0,4.0,100.0,,,,,,,,25.0,0.0,0.598632,0.334595,0.558838,-0.466248,0.988296,0.130373,-0.144045,-0.002919,-0.00967,-0.009661,,,,,,,,,,,,,,,,,,,,,,,,,,,,,,,,,,,,,,,,,,,,,,,,,,,,,,,,,,,,,,16.596063137054443
1736158971.456704,1736158971.45798,101.0,0.0,4228.589844,4429.615234,4021.025635,4216.025879,4292.563965,0.0,2.0,43.0,,,,0.0,4.0,4.0,4.0,4.0,4.0,100.0,,,,,,,,,,,,,,,,,,,,,,,,,,,,,,,,,,,,,,,,,,,,,,,,,,,,,,,,,,,,,,,,,,,,,,,,,,,,,,,,,16.603873014450073
1736158971.464514,1736158971.46579,102.0,0.0,4231.666504,4424.743652,4019.743652,4213.589844,4296.922852,0.0,2.0,43.0,,,,0.0,4.0,4.0,4.0,4.0,4.0,100.0,,,,,,,,,,,,,,,,,,,,,,,,,,,,,,,,,,,,,,,,,,,,,,,,,,,,,,,,,,,,,,,,,,,,,,,,,,,,,,,,,16.611683130264282
1736158971.472324,1736158971.473599,103.0,0.0,4234.230957,4425.897461,4021.410156,4210.769043,4301.538574,0.0,2.0,43.0,,,,0.0,4.0,4.0,4.0,4.0,4.0,100.0,,,,,,,,,,,,,,,,,,,,,,,,,,,,,,,,,,,,,,,,,,,,,,,,,,,,,,,,,,,,,,,,,,,,,,,,,,,,,,,,,16.619493007659912
1736158971.480134,1736158971.481309,104.0,0.0,4232.94873,4419.743652,4025.384521,4206.922852,4304.102539,0.0,2.0,43.0,,,,0.0,4.0,4.0,4.0,4.0,4.0,100.0,,,,,,,,26.0,0.0,0.598747,0.334473,0.558838,-0.466187,0.974624,0.130373,-0.151858,-0.002871,-0.009679,-0.009525,,,,,,,,,,,,,,,,,,,,,,,,,,,,,,,,,,,,,,,,,,,,,,,,,,,,,,,,,,,,,,16.62730312347412
1736158971.487944,1736158971.489119,105.0,0.0,4228.077148,4415.384766,4031.538574,4210.641113,4309.230957,0.0,2.0,43.0,,,,0.0,4.0,4.0,4.0,4.0,4.0,100.0,,,,,,,,,,,,,,,,,,,,,,,,,,,,,,,,,,,,,,,,,,,,,,,,,,,,,,,,,,,,,,,,,,,,,,,,,,,,,,,,,16.63511300086975
1736158971.495754,1736158971.496929,106.0,0.0,4221.538574,4416.538574,4035.512939,4213.717773,4311.025879,0.0,2.0,43.0,,,,0.0,4.0,4.0,4.0,4.0,4.0,100.0,,,,,,,,,,,,,,,,,,,,,,,,,,,,,,,,,,,,,,,,,,,,,,,,,,,,,,,,,,,,,,,,,,,,,,,,,,,,,,,,,16.64292311668396
1736158971.503564,1736158971.504738,107.0,0.0,4221.153809,4412.94873,4032.94873,4206.410156,4307.820313,0.0,2.0,43.0,,,,0.0,4.0,4.0,4.0,4.0,4.0,100.0,,,,,,,,,,,,,,,,,,,,,,,,,,,,,,,,,,,,,,,,,,,,,,,,,,,,,,,,,,,,,,,,,,,,,,,,,,,,,,,,,16.65073299407959
1736158971.511374,1736158971.512448,108.0,0.0,4231.666504,4409.871582,4028.461426,4203.077148,4311.410156,0.0,2.0,43.0,,,,0.0,4.0,4.0,4.0,4.0,4.0,100.0,,,,,,,,27.0,0.0,0.598747,0.334473,0.558838,-0.466187,0.992691,0.130373,-0.145022,-0.002779,-0.0097,-0.009452,,,,,,,,,,,,,,,,,,,,,,,,,,,,,,,,,,,,,,,,,,,,,,,,,,,,,,,,,,,,,,16.6585431098938
1736158971.519184,1736158971.520258,109.0,0.0,4231.410156,4407.05127,4023.718018,4202.820313,4310.641113,0.0,2.0,43.0,,,,0.0,4.0,4.0,4.0,4.0,4.0,100.0,,,,,,,,,,,,,,,,,,,,,,,,,,,,,,,,,,,,,,,,,,,,,,,,,,,,,,,,,,,,,,,,,,,,,,,,,,,,,,,,,16.666353225708008
1736158971.526993,1736158971.528067,110.0,0.0,4210.897461,4403.717773,4020.641113,4196.666504,4294.230957,0.0,2.0,43.0,,,,0.0,4.0,4.0,4.0,4.0,4.0,100.0,,,,,,,,,,,,,,,,,,,,,,,,,,,,,,,,,,,,,,,,,,,,,,,,,,,,,,,,0.974493,2.175738,1.026463,0.485487,0.524755,2.493781,2.219244,1.092631,0.662751,0.396446,1.418174,3.465989,0.705276,0.60907,0.344583,1.980412,1.754045,0.60779,0.554288,0.458087,3.377053,1.131825,0.919863,0.832983,0.424123,16.67416214942932
1736158971.534804,1736158971.535877,111.0,0.0,4206.794922,4417.179688,4029.102539,4208.077148,4289.487305,0.0,2.0,43.0,,,,0.0,4.0,4.0,4.0,4.0,4.0,100.0,,,,,,,,,,,,,,,,,,,,,,,,,,,,,,,,,,,,,,,,,,,,,,,,,,,,,,,,,,,,,,,,,,,,,,,,,,,,,,,,,16.681973218917847
1736158971.542613,1736158971.543587,112.0,0.0,4222.436035,4429.487305,4036.025635,4230.0,4299.615234,0.0,2.0,43.0,,,,0.0,4.0,4.0,4.0,4.0,4.0,100.0,,,,,,,,28.0,0.0,0.598614,0.334473,0.559082,-0.466064,0.992691,0.130373,-0.145022,-0.002697,-0.009719,-0.009385,,,,,,,,,,,,,,,,,,,,,,,,,,,,,,,,,,,,,,,,,,,,,,,,,,,,,,,,,,,,,,16.68978214263916
1736158971.550423,1736158971.551396,113.0,0.0,4215.512695,4412.436035,4019.871826,4219.102539,4290.0,0.0,2.0,43.0,,,,0.0,4.0,4.0,4.0,4.0,4.0,100.0,,,,,,,,,,,,,,,,,,,,,,,,,,,,,,,,,,,,,,,,,,,,,,,,,,,,,,,,,,,,,,,,,,,,,,,,,,,,,,,,,16.69759202003479
1736158971.558233,1736158971.559206,114.0,0.0,4201.794922,4402.436035,4007.435791,4199.102539,4277.179688,0.0,2.0,43.0,,,,0.0,4.0,4.0,4.0,4.0,4.0,100.0,,,,,,,,,,,,,,,,,,,,,,,,,,,,,,,,,,,,,,,,,,,,,,,,,,,,,,,,,,,,,,,,,,,,,,,,,,,,,,,,,16.705402135849
1736158971.566043,1736158971.567015,115.0,0.0,4217.563965,4418.333496,4024.358887,4212.179688,4292.179688,0.0,2.0,43.0,,,,0.0,4.0,4.0,4.0,4.0,4.0,100.0,,,,,,,,,,,,,,,,,,,,,,,,,,,,,,,,,,,,,,,,,,,,,,,,,,,,,,,,,,,,,,,,,,,,,,,,,,,,,,,,,16.71321201324463
1736158971.573853,1736158971.574725,116.0,0.0,4226.794922,4421.538574,4042.05127,4222.179688,4300.0,0.0,2.0,43.0,,,,0.0,4.0,4.0,4.0,4.0,4.0,100.0,,,,,,,,29.0,0.0,0.598589,0.334229,0.559204,-0.466125,0.992691,0.130373,-0.145022,-0.002622,-0.009736,-0.009326,,,,,,,,,,,,,,,,,,,,,,,,,,,,,,,,,,,,,,,,,,,,,,,,,,,,,,,,,,,,,,16.721022129058838
1736158971.581663,1736158971.582535,117.0,0.0,4209.871582,4414.615234,4045.769287,4208.333496,4281.410156,0.0,2.0,43.0,,,,0.0,4.0,4.0,4.0,4.0,4.0,100.0,,,,,,,,,,,,,,,,,,,,,,,,,,,,,,,,,,,,,,,,,,,,,,,,,,,,,,,,,,,,,,,,,,,,,,,,,,,,,,,,,16.728832006454468
1736158971.589473,1736158971.590344,118.0,0.0,4207.307617,4420.641113,4053.461426,4207.692383,4274.871582,0.0,2.0,43.0,,,,0.0,4.0,4.0,4.0,4.0,4.0,100.0,,,,,,,,,,,,,,,,,,,,,,,,,,,,,,,,,,,,,,,,,,,,,,,,,,,,,,,,,,,,,,,,,,,,,,,,,,,,,,,,,16.736642122268677
1736158971.597283,1736158971.598154,119.0,0.0,4215.897461,4417.94873,4051.281982,4212.94873,4280.0,0.0,2.0,43.0,,,,0.0,4.0,4.0,4.0,4.0,4.0,100.0,,,,,,,,,,,,,,,,,,,,,,,,,,,,,,,,,,,,,,,,,,,,,,,,,,,,,,,,,,,,,,,,,,,,,,,,,,,,,,,,,16.744451999664307
1736158971.605093,1736158971.605864,120.0,0.0,4208.077148,4405.512695,4022.94873,4199.487305,4268.846191,0.0,2.0,43.0,,,,0.0,4.0,4.0,4.0,4.0,4.0,100.0,,,,,,,,30.0,0.0,0.598674,0.333923,0.559143,-0.466309,0.98732,0.13135,-0.151369,-0.002653,-0.009653,-0.009394,,,,,,,,,,,,,,,,,,,,,,,,,,,,,,,,,,,,,,,,,,,,,,,,,,,,,,,,,,,,,,16.752262115478516
1736158971.612903,1736158971.613673,121.0,0.0,4207.692383,4409.230957,3999.102539,4196.153809,4263.717773,0.0,2.0,43.0,,,,0.0,4.0,4.0,4.0,4.0,4.0,100.0,,,,,,,,,,,,,,,,,,,,,,,,,,,,,,,,,,,,,,,,,,,,,,,,,,,,,,,,,,,,,,,,,,,,,,,,,,,,,,,,,16.760072231292725
1736158971.620712,1736158971.621483,122.0,0.0,4226.282227,4417.692383,3999.487061,4212.436035,4281.410156,0.0,2.0,43.0,,,,0.0,4.0,4.0,4.0,4.0,4.0,100.0,,,,,,,,,,,,,,,,,,,,,,,,,,,,,,,,,,,,,,,,,,,,,,,,,,,,,,,,,,,,,,,,,,,,,,,,,,,,,,,,,16.767881155014038
1736158971.628522,1736158971.629293,123.0,0.0,4234.743652,4416.794922,4000.641113,4216.922852,4289.743652,0.0,2.0,43.0,,,,0.0,4.0,4.0,4.0,4.0,4.0,100.0,,,,,,,,,,,,,,,,,,,,,,,,,,,,,,,,,,,,,,,,,,,,,,,,,,,,,,,,,,,,,,,,,,,,,,,,,,,,,,,,,16.775691032409668
1736158971.636332,1736158971.637003,124.0,0.0,4231.153809,4418.205078,3995.641113,4214.743652,4283.333496,0.0,2.0,43.0,,,,0.0,4.0,4.0,4.0,4.0,4.0,100.0,,,,,,,,31.0,0.0,0.598589,0.334229,0.559204,-0.466125,0.986343,0.129885,-0.153323,-0.002827,-0.009628,-0.009468,,,,,,,,,,,,,,,,,,,,,,,,,,,,,,,,,,,,,,,,,,,,,,,,,,,,,,,,,,,,,,16.783501148223877
1736158971.644142,1736158971.644812,125.0,0.0,4230.128418,4420.512695,4001.666748,4223.077148,4288.461426,0.0,2.0,43.0,,,,0.0,4.0,4.0,4.0,4.0,4.0,100.0,,,,,,,,,,,,,,,,,,,,,,,,,,,,,,,,,,,,,,,,,,,,,,,,,,,,,,,,,,,,,,,,,,,,,,,,,,,,,,,,,16.791311025619507
1736158971.651952,1736158971.652622,126.0,0.0,4221.666504,4415.384766,4012.435791,4223.974121,4293.205078,0.0,2.0,43.0,,,,0.0,4.0,4.0,4.0,4.0,4.0,100.0,,,,,,,,,,,,,,,,,,,,,,,,,,,,,,,,,,,,,,,,,,,,,,,,,,,,,,,,0.780334,2.305511,0.85846,0.503648,0.588771,2.789281,2.069126,0.949714,0.662935,0.422235,1.580084,3.426864,0.779529,0.588992,0.354006,1.534423,1.751468,0.792823,0.522137,0.513428,3.451936,1.178381,0.964521,0.828091,0.448391,16.799121141433716
1736158971.659762,1736158971.660431,127.0,0.0,4207.563965,4411.153809,4014.358887,4215.897461,4281.538574,0.0,2.0,43.0,,,,0.0,4.0,4.0,4.0,4.0,4.0,100.0,,,,,,,,,,,,,,,,,,,,,,,,,,,,,,,,,,,,,,,,,,,,,,,,,,,,,,,,,,,,,,,,,,,,,,,,,,,,,,,,,16.806931018829346
1736158971.667572,1736158971.668341,0.0,0.0,4211.153809,4417.692383,4019.487061,4221.666504,4280.128418,0.0,2.0,43.0,,,,0.0,4.0,4.0,4.0,4.0,4.0,100.0,,,,,,,,0.0,0.0,0.598688,0.333557,0.559143,-0.466553,0.998062,0.117678,-0.145998,-0.002874,-0.009715,-0.0094,,,,,,,,,,,,,,,,,,,,,,,,,,,,,,,,,,,,,,,,,,,,,,,,,,,,,,,,,,,,,,16.814741134643555
1736158971.675382,1736158971.676152,1.0,0.0,4225.769043,4431.025879,4028.718018,4231.794922,4292.692383,0.0,2.0,43.0,,,,0.0,4.0,4.0,4.0,4.0,4.0,100.0,,,,,,,,,,,,,,,,,,,,,,,,,,,,,,,,,,,,,,,,,,,,,,,,,,,,,,,,,,,,,,,,,,,,,,,,,,,,,,,,,16.822551012039185
1736158971.683192,1736158971.683962,2.0,0.0,4226.282227,4434.487305,4025.512939,4225.769043,4289.615234,0.0,2.0,43.0,,,,0.0,4.0,4.0,4.0,4.0,4.0,100.0,,,,,,,,,,,,,,,,,,,,,,,,,,,,,,,,,,,,,,,,,,,,,,,,,,,,,,,,,,,,,,,,,,,,,,,,,,,,,,,,,16.830361127853394
1736158971.691002,1736158971.691772,3.0,0.0,4221.153809,4424.358887,4019.487061,4213.717773,4279.871582,0.0,2.0,43.0,,,,0.0,4.0,4.0,4.0,4.0,4.0,100.0,,,,,,,,,,,,,,,,,,,,,,,,,,,,,,,,,,,,,,,,,,,,,,,,,,,,,,,,,,,,,,,,,,,,,,,,,,,,,,,,,16.838171005249023
1736158971.698812,1736158971.699682,4.0,0.0,4229.102539,4421.282227,4025.512939,4209.230957,4282.307617,0.0,2.0,43.0,,,,0.0,4.0,4.0,4.0,4.0,4.0,100.0,,,,,,,,1.0,0.0,0.598811,0.333557,0.55896,-0.466614,0.997574,0.123537,-0.156252,-0.002855,-0.009757,-0.009424,,,,,,,,,,,,,,,,,,,,,,,,,,,,,,,,,,,,,,,,,,,,,,,,,,,,,,,,,,,,,,16.845981121063232
1736158971.706622,1736158971.707491,5.0,0.0,4239.102539,4431.666504,4030.897461,4213.461426,4281.794922,0.0,2.0,43.0,,,,0.0,4.0,4.0,4.0,4.0,4.0,100.0,,,,,,,,,,,,,,,,,,,,,,,,,,,,,,,,,,,,,,,,,,,,,,,,,,,,,,,,,,,,,,,,,,,,,,,,,,,,,,,,,16.853790998458862
1736158971.714431,1736158971.715301,6.0,0.0,4235.769043,4430.769043,4022.564209,4217.563965,4273.589844,0.0,2.0,43.0,,,,0.0,4.0,4.0,4.0,4.0,4.0,100.0,,,,,,,,,,,,,,,,,,,,,,,,,,,,,,,,,,,,,,,,,,,,,,,,,,,,,,,,,,,,,,,,,,,,,,,,,,,,,,,,,16.861600160598755
1736158971.722241,1736158971.723111,7.0,0.0,4224.102539,4411.794922,4003.461426,4205.256348,4267.05127,0.0,2.0,43.0,,,,0.0,4.0,4.0,4.0,4.0,4.0,100.0,,,,,,,,,,,,,,,,,,,,,,,,,,,,,,,,,,,,,,,,,,,,,,,,,,,,,,,,,,,,,,,,,,,,,,,,,,,,,,,,,16.869410037994385
1736158971.730051,1736158971.731021,8.0,0.0,4221.794922,4403.589844,3990.384521,4194.102539,4263.974121,0.0,2.0,43.0,,,,0.0,4.0,4.0,4.0,4.0,4.0,100.0,,,,,,,,2.0,0.0,0.598662,0.33374,0.55896,-0.466675,0.986831,0.125978,-0.141115,-0.002973,-0.009843,-0.009434,,,,,,,,,,,,,,,,,,,,,,,,,,,,,,,,,,,,,,,,,,,,,,,,,,,,,,,,,,,,,,16.877220153808594
1736158971.737861,1736158971.738831,9.0,0.0,4238.846191,4416.538574,4000.0,4215.641113,4274.615234,0.0,2.0,43.0,,,,0.0,4.0,4.0,4.0,4.0,4.0,100.0,,,,,,,,,,,,,,,,,,,,,,,,,,,,,,,,,,,,,,,,,,,,,,,,,,,,,,,,,,,,,,,,,,,,,,,,,,,,,,,,,16.885030031204224
1736158971.745671,1736158971.746641,10.0,0.0,4254.487305,4423.077148,4014.487061,4237.179688,4288.717773,0.0,2.0,43.0,,,,0.0,4.0,4.0,4.0,4.0,4.0,100.0,,,,,,,,,,,,,,,,,,,,,,,,,,,,,,,,,,,,,,,,,,,,,,,,,,,,,,,,,,,,,,,,,,,,,,,,,,,,,,,,,16.892840147018433
1736158971.753481,1736158971.754451,11.0,0.0,4243.846191,4410.128418,4010.897461,4220.0,4275.897461,0.0,2.0,43.0,,,,0.0,4.0,4.0,4.0,4.0,4.0,100.0,,,,,,,,,,,,,,,,,,,,,,,,,,,,,,,,,,,,,,,,,,,,,,,,,,,,,,,,,,,,,,,,,,,,,,,,,,,,,,,,,16.900650024414062
1736158971.761291,1736158971.76236,12.0,0.0,4225.641113,4400.384766,4007.05127,4201.538574,4255.0,0.0,2.0,43.0,,,,0.0,4.0,4.0,4.0,4.0,4.0,100.0,,,,,,,,3.0,0.0,0.598719,0.33374,0.558899,-0.466675,0.986831,0.125978,-0.141115,-0.003078,-0.009921,-0.009443,,,,,,,,,,,,,,,,,,,,,,,,,,,,,,,,,,,,,,,,,,,,,,,,,,,,,,,,,,,,,,16.90846014022827
1736158971.769101,1736158971.77017,13.0,0.0,4221.922852,4403.589844,4012.564209,4205.128418,4258.333496,0.0,2.0,43.0,,,,0.0,4.0,4.0,4.0,4.0,4.0,100.0,,,,,,,,,,,,,,,,,,,,,,,,,,,,,,,,,,,,,,,,,,,,,,,,,,,,,,,,,,,,,,,,,,,,,,,,,,,,,,,,,16.9162700176239
1736158971.776911,1736158971.777979,14.0,0.0,4216.282227,4406.794922,4010.128174,4196.922852,4260.512695,0.0,2.0,43.0,,,,0.0,4.0,4.0,4.0,4.0,4.0,100.0,,,,,,,,,,,,,,,,,,,,,,,,,,,,,,,,,,,,,,,,,,,,,,,,,,,,,,,,0.715376,2.428709,0.738421,0.545905,0.633517,2.83726,1.788969,0.795569,0.634344,0.457399,1.707886,3.074269,0.865967,0.530139,0.377612,1.154392,1.615318,0.967587,0.513404,0.560824,3.389246,1.267189,1.004326,0.81532,0.46764,16.92408013343811
1736158971.784721,1736158971.785789,15.0,0.0,4204.230957,4411.025879,4008.076904,4182.05127,4246.538574,0.0,2.0,43.0,,,,0.0,4.0,4.0,4.0,4.0,4.0,100.0,,,,,,,,,,,,,,,,,,,,,,,,,,,,,,,,,,,,,,,,,,,,,,,,,,,,,,,,,,,,,,,,,,,,,,,,,,,,,,,,,16.93189001083374
1736158971.79253,1736158971.793699,16.0,0.0,4204.615234,4419.102539,4014.102539,4190.641113,4245.384766,0.0,2.0,43.0,,,,0.0,4.0,4.0,4.0,4.0,4.0,100.0,,,,,,,,4.0,0.0,0.598962,0.333679,0.558777,-0.466553,0.993667,0.120607,-0.154299,-0.003051,-0.00993,-0.009597,,,,,,,,,,,,,,,,,,,,,,,,,,,,,,,,,,,,,,,,,,,,,,,,,,,,,,,,,,,,,,16.939699172973633
1736158971.800341,1736158971.801508,17.0,0.0,4211.922852,4420.512695,4007.94873,4203.717773,4258.077148,0.0,2.0,43.0,,,,0.0,4.0,4.0,4.0,4.0,4.0,100.0,,,,,,,,,,,,,,,,,,,,,,,,,,,,,,,,,,,,,,,,,,,,,,,,,,,,,,,,,,,,,,,,,,,,,,,,,,,,,,,,,16.94751000404358
1736158971.80815,1736158971.809318,18.0,0.0,4213.589844,4417.563965,3994.102539,4203.717773,4264.358887,0.0,2.0,43.0,,,,0.0,4.0,4.0,4.0,4.0,4.0,100.0,,,,,,,,,,,,,,,,,,,,,,,,,,,,,,,,,,,,,,,,,,,,,,,,,,,,,,,,,,,,,,,,,,,,,,,,,,,,,,,,,16.95531916618347
1736158971.81596,1736158971.817128,19.0,0.0,4218.846191,4421.153809,3996.025635,4208.333496,4270.769043,0.0,2.0,43.0,,,,0.0,4.0,4.0,4.0,4.0,4.0,100.0,,,,,,,,,,,,,,,,,,,,,,,,,,,,,,,,,,,,,,,,,,,,,,,,,,,,,,,,,,,,,,,,,,,,,,,,,,,,,,,,,16.9631290435791
1736158971.82377,1736158971.825037,20.0,0.0,4227.820313,4423.846191,4006.153809,4217.436035,4278.846191,0.0,2.0,43.0,,,,0.0,4.0,4.0,4.0,4.0,4.0,100.0,,,,,,,,5.0,0.0,0.599046,0.333801,0.558716,-0.466431,0.996109,0.135744,-0.152346,-0.003137,-0.009987,-0.009639,,,,,,,,,,,,,,,,,,,,,,,,,,,,,,,,,,,,,,,,,,,,,,,,,,,,,,,,,,,,,,16.97093915939331
1736158971.83158,1736158971.832847,21.0,0.0,4231.410156,4420.0,4012.435791,4218.846191,4277.436035,0.0,2.0,43.0,,,,0.0,4.0,4.0,4.0,4.0,4.0,100.0,,,,,,,,,,,,,,,,,,,,,,,,,,,,,,,,,,,,,,,,,,,,,,,,,,,,,,,,,,,,,,,,,,,,,,,,,,,,,,,,,16.97874903678894
1736158971.83939,1736158971.840656,22.0,0.0,4239.743652,4422.563965,4019.615479,4222.436035,4279.358887,0.0,2.0,43.0,,,,0.0,4.0,4.0,4.0,4.0,4.0,100.0,,,,,,,,,,,,,,,,,,,,,,,,,,,,,,,,,,,,,,,,,,,,,,,,,,,,,,,,,,,,,,,,,,,,,,,,,,,,,,,,,16.98655915260315
1736158971.8472,1736158971.848466,23.0,0.0,4251.794922,4428.717773,4018.718018,4227.05127,4288.333496,0.0,2.0,43.0,,,,0.0,4.0,4.0,4.0,4.0,4.0,100.0,,,,,,,,,,,,,,,,,,,,,,,,,,,,,,,,,,,,,,,,,,,,,,,,,,,,,,,,,,,,,,,,,,,,,,,,,,,,,,,,,16.99436902999878
1736158971.85501,1736158971.856176,24.0,0.0,4247.563965,4419.230957,4003.589844,4217.436035,4280.897461,0.0,2.0,43.0,,,,0.0,4.0,4.0,4.0,4.0,4.0,100.0,,,,,,,,6.0,0.0,0.599059,0.333862,0.558716,-0.46637,0.996109,0.135744,-0.152346,-0.003214,-0.010038,-0.009676,,,,,,,,,,,,,,,,,,,,,,,,,,,,,,,,,,,,,,,,,,,,,,,,,,,,,,,,,,,,,,17.00217914581299
1736158971.86282,1736158971.863985,25.0,0.0,4239.743652,4407.179688,3999.615479,4209.615234,4267.179688,0.0,2.0,43.0,,,,0.0,4.0,4.0,4.0,4.0,4.0,100.0,,,,,,,,,,,,,,,,,,,,,,,,,,,,,,,,,,,,,,,,,,,,,,,,,,,,,,,,,,,,,,,,,,,,,,,,,,,,,,,,,17.009989023208618
1736158971.87063,1736158971.871795,26.0,0.0,4247.94873,4415.897461,4013.461426,4216.410156,4273.333496,0.0,2.0,43.0,,,,0.0,4.0,4.0,4.0,4.0,4.0,100.0,,,,,,,,,,,,,,,,,,,,,,,,,,,,,,,,,,,,,,,,,,,,,,,,,,,,,,,,,,,,,,,,,,,,,,,,,,,,,,,,,17.017799139022827
1736158971.87844,1736158971.879605,27.0,0.0,4245.512695,4422.563965,4016.923096,4211.922852,4274.487305,0.0,2.0,43.0,,,,0.0,4.0,4.0,4.0,4.0,4.0,100.0,,,,,,,,,,,,,,,,,,,,,,,,,,,,,,,,,,,,,,,,,,,,,,,,,,,,,,,,,,,,,,,,,,,,,,,,,,,,,,,,,17.025609016418457
1736158971.886249,1736158971.887514,28.0,0.0,4227.307617,4415.128418,4017.564209,4204.615234,4260.769043,0.0,2.0,43.0,,,,0.0,4.0,4.0,4.0,4.0,4.0,100.0,,,,,,,,7.0,0.0,0.598962,0.333679,0.558777,-0.466553,0.995621,0.124514,-0.136721,-0.003185,-0.010145,-0.009648,,,,,,,,,,,,,,,,,,,,,,,,,,,,,,,,,,,,,,,,,,,,,,,,,,,,,,,,,,,,,,17.03341817855835
1736158971.894059,1736158971.895324,29.0,0.0,4233.589844,4428.333496,4042.179443,4227.05127,4270.769043,0.0,2.0,43.0,,,,0.0,4.0,4.0,4.0,4.0,4.0,100.0,,,,,,,,,,,,,,,,,,,,,,,,,,,,,,,,,,,,,,,,,,,,,,,,,,,,,,,,,,,,,,,,,,,,,,,,,,,,,,,,,17.04122805595398
1736158971.901869,1736158971.903134,30.0,0.0,4248.205078,4449.102539,4054.615479,4240.0,4286.794922,0.0,2.0,43.0,,,,0.0,4.0,4.0,4.0,4.0,4.0,100.0,1.0,100.0,4.0,4.0,4.0,4.0,4.0,,,,,,,,,,,,,1.0,0.498923,-0.12638,-1.477598,1.74967,1.0,0.391187,-0.321874,-0.562388,0.523286,1.0,0.195309,1.784508,-1.359615,12.94009,0.201732,1.0,0.292925,-0.192937,-0.306783,0.000342,1.0,0.217999,-0.560741,-1.052422,0.478112,1.0,0.436981,-0.600077,-5.785276,5.70403,1.0,0.178432,0.507121,0.45572,0.605676,0.767872,2.493312,0.709696,0.627796,0.647866,2.646805,1.425322,0.659153,0.607907,0.495708,1.803805,2.597864,0.931185,0.457622,0.411207,0.972174,1.430601,1.105437,0.565818,0.59391,3.279477,1.411061,1.044834,0.824719,0.481158,17.04903817176819
1736158971.909679,1736158971.910944,31.0,0.0,4227.307617,4431.410156,4026.923096,4209.871582,4265.769043,0.0,2.0,43.0,,,,0.0,4.0,4.0,4.0,4.0,4.0,100.0,,,,,,,,,,,,,,,,,,,,,,,,,,,,,,,,,,,,,,,,,,,,,,,,,,,,,,,,,,,,,,,,,,,,,,,,,,,,,,,,,17.05684804916382
1736158971.917489,1736158971.918654,32.0,0.0,4210.128418,4412.820313,4014.871826,4195.384766,4249.871582,0.0,2.0,43.0,,,,0.0,4.0,4.0,4.0,4.0,4.0,100.0,,,,,,,,8.0,0.0,0.599082,0.333923,0.558655,-0.46637,0.995621,0.124514,-0.136721,-0.00316,-0.010119,-0.009623,,,,,,,,,,,,,,,,,,,,,,,,,,,,,,,,,,,,,,,,,,,,,,,,,,,,,,,,,,,,,,17.064658164978027
1736158971.925299,1736158971.926463,33.0,0.0,4234.871582,4434.358887,4039.102539,4220.512695,4272.179688,0.0,2.0,43.0,,,,0.0,4.0,4.0,4.0,4.0,4.0,100.0,,,,,,,,,,,,,,,,,,,,,,,,,,,,,,,,,,,,,,,,,,,,,,,,,,,,,,,,,,,,,,,,,,,,,,,,,,,,,,,,,17.072468042373657
1736158971.933109,1736158971.934273,34.0,0.0,4255.384766,4449.871582,4043.333252,4229.102539,4284.615234,0.0,2.0,43.0,,,,0.0,4.0,4.0,4.0,4.0,4.0,100.0,,,,,,,,,,,,,,,,,,,,,,,,,,,,,,,,,,,,,,,,,,,,,,,,,,,,,,,,,,,,,,,,,,,,,,,,,,,,,,,,,17.080278158187866
1736158971.940919,1736158971.942083,35.0,0.0,4248.461426,4438.717773,4025.897461,4219.102539,4276.282227,0.0,2.0,43.0,,,,0.0,4.0,4.0,4.0,4.0,4.0,100.0,,,,,,,,,,,,,,,,,,,,,,,,,,,,,,,,,,,,,,,,,,,,,,,,,,,,,,,,,,,,,,,,,,,,,,,,,,,,,,,,,17.088088035583496
1736158971.948729,1736158971.949792,36.0,0.0,4242.179688,4433.333496,4027.05127,4224.487305,4277.692383,0.0,2.0,43.0,,,,0.0,4.0,4.0,4.0,4.0,4.0,100.0,,,,,,,,9.0,0.0,0.599002,0.333862,0.558777,-0.46637,0.999039,0.119631,-0.144533,-0.003088,-0.010084,-0.009613,,,,,,,,,,,,,,,,,,,,,,,,,,,,,,,,,,,,,,,,,,,,,,,,,,,,,,,,,,,,,,17.095898151397705
1736158971.956539,1736158971.957602,37.0,0.0,4233.974121,4427.692383,4030.0,4224.358887,4273.846191,0.0,2.0,43.0,,,,0.0,4.0,4.0,4.0,4.0,4.0,100.0,,,,,,,,,,,,,,,,,,,,,,,,,,,,,,,,,,,,,,,,,,,,,,,,,,,,,,,,,,,,,,,,,,,,,,,,,,,,,,,,,17.103708028793335
1736158971.964349,1736158971.965412,38.0,0.0,4223.077148,4420.0,4020.256348,4211.153809,4262.820313,0.0,2.0,43.0,,,,0.0,4.0,4.0,4.0,4.0,4.0,100.0,,,,,,,,,,,,,,,,,,,,,,,,,,,,,,,,,,,,,,,,,,,,,,,,,,,,,,,,,,,,,,,,,,,,,,,,,,,,,,,,,17.111518144607544
1736158971.972159,1736158971.973221,39.0,0.0,4233.461426,4433.461426,4022.179443,4216.922852,4274.871582,0.0,2.0,43.0,,,,0.0,4.0,4.0,4.0,4.0,4.0,100.0,,,,,,,,,,,,,,,,,,,,,,,,,,,,,,,,,,,,,,,,,,,,,,,,,,,,,,,,,,,,,,,,,,,,,,,,,,,,,,,,,17.119328022003174
1736158971.979968,1736158971.980931,40.0,0.0,4242.563965,4443.589844,4026.923096,4231.025879,4286.538574,0.0,2.0,43.0,,,,0.0,4.0,4.0,4.0,4.0,4.0,100.0,,,,,,,,10.0,0.0,0.599095,0.333679,0.558838,-0.466309,0.993179,0.136721,-0.15967,-0.002999,-0.010015,-0.009604,,,,,,,,,,,,,,,,,,,,,,,,,,,,,,,,,,,,,,,,,,,,,,,,,,,,,,,,,,,,,,17.127137184143066
1736158971.987778,1736158971.988741,41.0,0.0,4224.230957,4432.820313,4019.230713,4226.922852,4271.922852,0.0,2.0,43.0,,,,0.0,4.0,4.0,4.0,4.0,4.0,100.0,,,,,,,,,,,,,,,,,,,,,,,,,,,,,,,,,,,,,,,,,,,,,,,,,,,,,,,,,,,,,,,,,,,,,,,,,,,,,,,,,17.134947061538696
1736158971.995588,1736158971.99655,42.0,0.0,4218.333496,4436.410156,4022.820557,4223.846191,4271.666504,0.0,2.0,43.0,,,,0.0,4.0,4.0,4.0,4.0,4.0,100.0,,,,,,,,,,,,,,,,,,,,,,,,,,,,,,,,,,,,,,,,,,,,,,,,,,,,,,,,,,,,,,,,,,,,,,,,,,,,,,,,,17.142757177352905
1736158972.003398,1736158972.00436,43.0,0.0,4240.0,4450.0,4036.923096,4231.666504,4294.743652,0.0,2.0,43.0,,,,0.0,4.0,4.0,4.0,4.0,4.0,100.0,,,,,,,,,,,,,,,,,,,,,,,,,,,,,,,,,,,,,,,,,,,,,,,,,,,,,,,,,,,,,,,,,,,,,,,,,,,,,,,,,17.150567054748535
1736158972.011208,1736158972.01207,44.0,0.0,4241.538574,4442.05127,4032.692383,4225.641113,4293.717773,0.0,2.0,43.0,,,,0.0,4.0,4.0,4.0,4.0,4.0,100.0,,,,,,,,11.0,0.0,0.59919,0.333679,0.558838,-0.466187,0.993179,0.136721,-0.15967,-0.002919,-0.009954,-0.009596,,,,,,,,,,,,,,,,,,,,,,,,,,,,,,,,,,,,,,,,,,,,,,,,,,,,,,,,,,,,,,17.158377170562744
1736158972.019018,1736158972.019879,45.0,0.0,4220.384766,4432.436035,4018.461426,4206.538574,4274.743652,0.0,2.0,43.0,,,,0.0,4.0,4.0,4.0,4.0,4.0,100.0,,,,,,,,,,,,,,,,,,,,,,,,,,,,,,,,,,,,,,,,,,,,,,,,,,,,,,,,,,,,,,,,,,,,,,,,,,,,,,,,,17.166187047958374
1736158972.026828,1736158972.027689,46.0,0.0,4220.256348,4439.358887,4017.179443,4199.615234,4277.436035,0.0,2.0,43.0,,,,0.0,4.0,4.0,4.0,4.0,4.0,100.0,,,,,,,,,,,,,,,,,,,,,,,,,,,,,,,,,,,,,,,,,,,,,,,,,,,,,,,,0.900612,2.480103,0.773093,0.751877,0.633015,2.314351,1.071165,0.551701,0.609622,0.528432,1.882316,2.263366,0.971513,0.415993,0.444786,1.025233,1.291734,1.196386,0.691257,0.612409,3.209342,1.604079,1.084026,0.871433,0.490067,17.173997163772583
1736158972.034638,1736158972.035499,47.0,0.0,4238.333496,4444.615234,4026.538574,4208.333496,4291.282227,0.0,2.0,43.0,,,,0.0,4.0,4.0,4.0,4.0,4.0,100.0,,,,,,,,,,,,,,,,,,,,,,,,,,,,,,,,,,,,,,,,,,,,,,,,,,,,,,,,,,,,,,,,,,,,,,,,,,,,,,,,,17.181807041168213
